Source,Target,IntervalNumber,StartTime,EndTime,Duration,StartOrbit,EndOrbit
WalkerDelta_1,Ground station 1,1,2023-06-01 00:03:00,2023-06-01 00:11:00,480,1,1
WalkerDelta_4,Ground station 1,1,2023-06-01 00:27:00,2023-06-01 00:37:00,600,1,1
WalkerDelta_3,Ground station 1,1,2023-06-01 00:51:00,2023-06-01 01:02:00,660,1,1
WalkerDelta_2,Ground station 1,1,2023-06-01 01:16:00,2023-06-01 01:27:00,660,1,1
WalkerDelta_1,Ground station 1,2,2023-06-01 01:40:00,2023-06-01 01:52:00,720,2,2
WalkerDelta_4,Ground station 1,2,2023-06-01 02:05:00,2023-06-01 02:17:00,720,2,2
WalkerDelta_3,Ground station 1,2,2023-06-01 02:31:00,2023-06-01 02:42:00,660,2,2
WalkerDelta_2,Ground station 1,2,2023-06-01 02:56:00,2023-06-01 03:07:00,660,2,2
WalkerDelta_1,Ground station 1,3,2023-06-01 03:22:00,2023-06-01 03:31:00,540,3,3
WalkerDelta_4,Ground station 1,3,2023-06-01 03:47:00,2023-06-01 03:56:00,540,3,3
WalkerDelta_3,Ground station 1,3,2023-06-01 04:13:00,2023-06-01 04:21:00,480,3,3
WalkerDelta_6,Ground station 1,1,2023-06-01 04:23:00,2023-06-01 04:26:00,180,3,3
WalkerDelta_2,Ground station 1,3,2023-06-01 04:39:00,2023-06-01 04:45:00,360,3,3
WalkerDelta_5,Ground station 1,1,2023-06-01 04:46:00,2023-06-01 04:53:00,420,3,4
WalkerDelta_1,Ground station 1,4,2023-06-01 05:05:00,2023-06-01 05:10:00,300,4,4
WalkerDelta_8,Ground station 1,1,2023-06-01 05:09:00,2023-06-01 05:19:00,600,4,4
WalkerDelta_4,Ground station 1,4,2023-06-01 05:31:00,2023-06-01 05:35:00,240,4,4
WalkerDelta_7,Ground station 1,1,2023-06-01 05:33:00,2023-06-01 05:44:00,660,4,4
WalkerDelta_3,Ground station 1,4,2023-06-01 05:57:00,2023-06-01 06:01:00,240,4,4
WalkerDelta_6,Ground station 1,2,2023-06-01 05:58:00,2023-06-01 06:09:00,660,4,4
WalkerDelta_2,Ground station 1,4,2023-06-01 06:22:00,2023-06-01 06:26:00,240,4,5
WalkerDelta_5,Ground station 1,2,2023-06-01 06:22:00,2023-06-01 06:34:00,720,4,5
WalkerDelta_1,Ground station 1,5,2023-06-01 06:47:00,2023-06-01 06:52:00,300,5,5
WalkerDelta_8,Ground station 1,2,2023-06-01 06:47:00,2023-06-01 06:59:00,720,5,5
WalkerDelta_4,Ground station 1,5,2023-06-01 07:12:00,2023-06-01 07:18:00,360,5,5
WalkerDelta_7,Ground station 1,2,2023-06-01 07:13:00,2023-06-01 07:24:00,660,5,5
WalkerDelta_3,Ground station 1,5,2023-06-01 07:37:00,2023-06-01 07:44:00,420,5,5
WalkerDelta_6,Ground station 1,3,2023-06-01 07:38:00,2023-06-01 07:49:00,660,5,5
WalkerDelta_2,Ground station 1,5,2023-06-01 08:01:00,2023-06-01 08:10:00,540,6,6
WalkerDelta_5,Ground station 1,3,2023-06-01 08:03:00,2023-06-01 08:13:00,600,6,6
WalkerDelta_1,Ground station 1,6,2023-06-01 08:26:00,2023-06-01 08:36:00,600,6,6
WalkerDelta_8,Ground station 1,3,2023-06-01 08:29:00,2023-06-01 08:38:00,540,6,6
WalkerDelta_4,Ground station 1,6,2023-06-01 08:51:00,2023-06-01 09:02:00,660,6,6
WalkerDelta_7,Ground station 1,3,2023-06-01 08:55:00,2023-06-01 09:03:00,480,6,6
WalkerDelta_3,Ground station 1,6,2023-06-01 09:16:00,2023-06-01 09:27:00,660,6,6
WalkerDelta_6,Ground station 1,4,2023-06-01 09:21:00,2023-06-01 09:27:00,360,6,6
WalkerDelta_9,Ground station 1,1,2023-06-01 09:28:00,2023-06-01 09:35:00,420,6,7
WalkerDelta_2,Ground station 1,6,2023-06-01 09:40:00,2023-06-01 09:52:00,720,7,7
WalkerDelta_5,Ground station 1,4,2023-06-01 09:47:00,2023-06-01 09:52:00,300,7,7
WalkerDelta_1,Ground station 1,7,2023-06-01 10:05:00,2023-06-01 10:17:00,720,7,7
WalkerDelta_8,Ground station 1,4,2023-06-01 10:13:00,2023-06-01 10:17:00,240,7,7
WalkerDelta_4,Ground station 1,7,2023-06-01 10:30:00,2023-06-01 10:42:00,720,7,7
WalkerDelta_7,Ground station 1,4,2023-06-01 10:39:00,2023-06-01 10:42:00,180,7,7
WalkerDelta_10,Ground station 1,1,2023-06-01 10:40:00,2023-06-01 10:51:00,660,7,7
WalkerDelta_3,Ground station 1,7,2023-06-01 10:55:00,2023-06-01 11:06:00,660,7,7
WalkerDelta_6,Ground station 1,5,2023-06-01 11:04:00,2023-06-01 11:08:00,240,7,7
WalkerDelta_9,Ground station 1,2,2023-06-01 11:04:00,2023-06-01 11:16:00,720,7,8
WalkerDelta_2,Ground station 1,7,2023-06-01 11:21:00,2023-06-01 11:30:00,540,8,8
WalkerDelta_5,Ground station 1,5,2023-06-01 11:29:00,2023-06-01 11:34:00,300,8,8
WalkerDelta_1,Ground station 1,8,2023-06-01 11:46:00,2023-06-01 11:54:00,480,8,8
WalkerDelta_8,Ground station 1,5,2023-06-01 11:54:00,2023-06-01 12:00:00,360,8,8
WalkerDelta_4,Ground station 1,8,2023-06-01 12:13:00,2023-06-01 12:16:00,180,8,8
WalkerDelta_7,Ground station 1,5,2023-06-01 12:19:00,2023-06-01 12:26:00,420,8,8
WalkerDelta_10,Ground station 1,2,2023-06-01 12:20:00,2023-06-01 12:31:00,660,8,8
WalkerDelta_6,Ground station 1,6,2023-06-01 12:43:00,2023-06-01 12:52:00,540,8,9
WalkerDelta_9,Ground station 1,3,2023-06-01 12:45:00,2023-06-01 12:55:00,600,8,9
WalkerDelta_5,Ground station 1,6,2023-06-01 13:08:00,2023-06-01 13:18:00,600,9,9
WalkerDelta_8,Ground station 1,6,2023-06-01 13:33:00,2023-06-01 13:43:00,600,9,9
WalkerDelta_7,Ground station 1,6,2023-06-01 13:58:00,2023-06-01 14:09:00,660,9,9
WalkerDelta_10,Ground station 1,3,2023-06-01 14:03:00,2023-06-01 14:09:00,360,9,9
WalkerDelta_6,Ground station 1,7,2023-06-01 14:22:00,2023-06-01 14:34:00,720,10,10
WalkerDelta_9,Ground station 1,4,2023-06-01 14:29:00,2023-06-01 14:34:00,300,10,10
WalkerDelta_5,Ground station 1,7,2023-06-01 14:47:00,2023-06-01 14:59:00,720,10,10
WalkerDelta_8,Ground station 1,7,2023-06-01 15:12:00,2023-06-01 15:24:00,720,10,10
WalkerDelta_7,Ground station 1,7,2023-06-01 15:37:00,2023-06-01 15:48:00,660,10,10
WalkerDelta_10,Ground station 1,4,2023-06-01 15:46:00,2023-06-01 15:50:00,240,10,10
WalkerDelta_6,Ground station 1,8,2023-06-01 16:02:00,2023-06-01 16:12:00,600,11,11
WalkerDelta_9,Ground station 1,5,2023-06-01 16:11:00,2023-06-01 16:16:00,300,11,11
WalkerDelta_5,Ground station 1,8,2023-06-01 16:28:00,2023-06-01 16:36:00,480,11,11
WalkerDelta_8,Ground station 1,8,2023-06-01 16:54:00,2023-06-01 16:59:00,300,11,11
WalkerDelta_10,Ground station 1,5,2023-06-01 17:25:00,2023-06-01 17:34:00,540,11,12
WalkerDelta_9,Ground station 1,6,2023-06-01 17:50:00,2023-06-01 18:00:00,600,12,12
WalkerDelta_10,Ground station 1,6,2023-06-01 19:04:00,2023-06-01 19:16:00,720,12,13
WalkerDelta_9,Ground station 1,7,2023-06-01 19:29:00,2023-06-01 19:41:00,720,13,13
WalkerDelta_10,Ground station 1,7,2023-06-01 20:44:00,2023-06-01 20:55:00,660,14,14
WalkerDelta_9,Ground station 1,8,2023-06-01 21:10:00,2023-06-01 21:18:00,480,14,14
WalkerDelta_2,Ground station 1,8,2023-06-01 23:35:00,2023-06-01 23:39:00,240,15,15
WalkerDelta_1,Ground station 1,9,2023-06-01 23:58:00,2023-06-02 00:06:00,480,16,16
WalkerDelta_4,Ground station 1,9,2023-06-02 00:22:00,2023-06-02 00:32:00,600,16,16
WalkerDelta_3,Ground station 1,8,2023-06-02 00:46:00,2023-06-02 00:57:00,660,16,16
WalkerDelta_2,Ground station 1,9,2023-06-02 01:10:00,2023-06-02 01:22:00,720,16,16
WalkerDelta_1,Ground station 1,10,2023-06-02 01:35:00,2023-06-02 01:47:00,720,17,17
WalkerDelta_4,Ground station 1,10,2023-06-02 02:00:00,2023-06-02 02:12:00,720,17,17
WalkerDelta_3,Ground station 1,9,2023-06-02 02:25:00,2023-06-02 02:37:00,720,17,17
WalkerDelta_2,Ground station 1,10,2023-06-02 02:51:00,2023-06-02 03:01:00,600,17,17
WalkerDelta_1,Ground station 1,11,2023-06-02 03:16:00,2023-06-02 03:26:00,600,18,18
WalkerDelta_4,Ground station 1,11,2023-06-02 03:42:00,2023-06-02 03:51:00,540,18,18
WalkerDelta_3,Ground station 1,10,2023-06-02 04:08:00,2023-06-02 04:15:00,420,18,18
WalkerDelta_6,Ground station 1,9,2023-06-02 04:18:00,2023-06-02 04:21:00,180,18,18
WalkerDelta_2,Ground station 1,11,2023-06-02 04:34:00,2023-06-02 04:40:00,360,18,18
WalkerDelta_5,Ground station 1,9,2023-06-02 04:40:00,2023-06-02 04:48:00,480,18,19
WalkerDelta_1,Ground station 1,12,2023-06-02 05:00:00,2023-06-02 05:05:00,300,19,19
WalkerDelta_8,Ground station 1,9,2023-06-02 05:04:00,2023-06-02 05:13:00,540,19,19
WalkerDelta_4,Ground station 1,12,2023-06-02 05:26:00,2023-06-02 05:30:00,240,19,19
WalkerDelta_7,Ground station 1,8,2023-06-02 05:28:00,2023-06-02 05:39:00,660,19,19
WalkerDelta_3,Ground station 1,11,2023-06-02 05:52:00,2023-06-02 05:55:00,180,19,19
WalkerDelta_6,Ground station 1,10,2023-06-02 05:53:00,2023-06-02 06:04:00,660,19,19
WalkerDelta_2,Ground station 1,12,2023-06-02 06:17:00,2023-06-02 06:21:00,240,19,20
WalkerDelta_5,Ground station 1,10,2023-06-02 06:17:00,2023-06-02 06:29:00,720,19,20
WalkerDelta_1,Ground station 1,13,2023-06-02 06:42:00,2023-06-02 06:47:00,300,20,20
WalkerDelta_8,Ground station 1,10,2023-06-02 06:42:00,2023-06-02 06:54:00,720,20,20
WalkerDelta_4,Ground station 1,13,2023-06-02 07:07:00,2023-06-02 07:13:00,360,20,20
WalkerDelta_7,Ground station 1,9,2023-06-02 07:07:00,2023-06-02 07:19:00,720,20,20
WalkerDelta_3,Ground station 1,12,2023-06-02 07:31:00,2023-06-02 07:39:00,480,20,20
WalkerDelta_6,Ground station 1,11,2023-06-02 07:33:00,2023-06-02 07:43:00,600,20,20
WalkerDelta_2,Ground station 1,13,2023-06-02 07:56:00,2023-06-02 08:05:00,540,21,21
WalkerDelta_5,Ground station 1,11,2023-06-02 07:58:00,2023-06-02 08:08:00,600,21,21
WalkerDelta_1,Ground station 1,14,2023-06-02 08:21:00,2023-06-02 08:31:00,600,21,21
WalkerDelta_8,Ground station 1,11,2023-06-02 08:24:00,2023-06-02 08:33:00,540,21,21
WalkerDelta_4,Ground station 1,14,2023-06-02 08:46:00,2023-06-02 08:56:00,600,21,21
WalkerDelta_7,Ground station 1,10,2023-06-02 08:50:00,2023-06-02 08:57:00,420,21,21
WalkerDelta_3,Ground station 1,13,2023-06-02 09:10:00,2023-06-02 09:22:00,720,21,21
WalkerDelta_6,Ground station 1,12,2023-06-02 09:16:00,2023-06-02 09:22:00,360,21,21
WalkerDelta_9,Ground station 1,9,2023-06-02 09:23:00,2023-06-02 09:29:00,360,21,22
WalkerDelta_2,Ground station 1,14,2023-06-02 09:35:00,2023-06-02 09:47:00,720,22,22
WalkerDelta_5,Ground station 1,12,2023-06-02 09:42:00,2023-06-02 09:47:00,300,22,22
WalkerDelta_1,Ground station 1,15,2023-06-02 10:00:00,2023-06-02 10:12:00,720,22,22
WalkerDelta_8,Ground station 1,12,2023-06-02 10:08:00,2023-06-02 10:12:00,240,22,22
WalkerDelta_4,Ground station 1,15,2023-06-02 10:25:00,2023-06-02 10:36:00,660,22,22
WalkerDelta_7,Ground station 1,11,2023-06-02 10:33:00,2023-06-02 10:37:00,240,22,22
WalkerDelta_10,Ground station 1,8,2023-06-02 10:35:00,2023-06-02 10:46:00,660,22,22
WalkerDelta_3,Ground station 1,14,2023-06-02 10:50:00,2023-06-02 11:01:00,660,22,22
WalkerDelta_6,Ground station 1,13,2023-06-02 10:59:00,2023-06-02 11:03:00,240,22,22
WalkerDelta_9,Ground station 1,10,2023-06-02 10:59:00,2023-06-02 11:11:00,720,22,23
WalkerDelta_2,Ground station 1,15,2023-06-02 11:15:00,2023-06-02 11:25:00,600,23,23
WalkerDelta_5,Ground station 1,13,2023-06-02 11:24:00,2023-06-02 11:29:00,300,23,23
WalkerDelta_1,Ground station 1,16,2023-06-02 11:41:00,2023-06-02 11:49:00,480,23,23
WalkerDelta_8,Ground station 1,13,2023-06-02 11:49:00,2023-06-02 11:55:00,360,23,23
WalkerDelta_4,Ground station 1,16,2023-06-02 12:07:00,2023-06-02 12:11:00,240,23,23
WalkerDelta_7,Ground station 1,12,2023-06-02 12:13:00,2023-06-02 12:21:00,480,23,23
WalkerDelta_10,Ground station 1,9,2023-06-02 12:14:00,2023-06-02 12:25:00,660,23,23
WalkerDelta_6,Ground station 1,14,2023-06-02 12:38:00,2023-06-02 12:47:00,540,23,24
WalkerDelta_9,Ground station 1,11,2023-06-02 12:40:00,2023-06-02 12:50:00,600,24,24
WalkerDelta_5,Ground station 1,14,2023-06-02 13:03:00,2023-06-02 13:12:00,540,24,24
WalkerDelta_8,Ground station 1,14,2023-06-02 13:28:00,2023-06-02 13:38:00,600,24,24
WalkerDelta_7,Ground station 1,13,2023-06-02 13:52:00,2023-06-02 14:03:00,660,24,24
WalkerDelta_10,Ground station 1,10,2023-06-02 13:57:00,2023-06-02 14:04:00,420,24,24
WalkerDelta_6,Ground station 1,15,2023-06-02 14:17:00,2023-06-02 14:29:00,720,25,25
WalkerDelta_9,Ground station 1,12,2023-06-02 14:23:00,2023-06-02 14:29:00,360,25,25
WalkerDelta_5,Ground station 1,15,2023-06-02 14:42:00,2023-06-02 14:54:00,720,25,25
WalkerDelta_8,Ground station 1,15,2023-06-02 15:07:00,2023-06-02 15:18:00,660,25,25
WalkerDelta_7,Ground station 1,14,2023-06-02 15:32:00,2023-06-02 15:43:00,660,25,25
WalkerDelta_10,Ground station 1,11,2023-06-02 15:41:00,2023-06-02 15:44:00,180,25,25
WalkerDelta_6,Ground station 1,16,2023-06-02 15:57:00,2023-06-02 16:07:00,600,26,26
WalkerDelta_9,Ground station 1,13,2023-06-02 16:06:00,2023-06-02 16:10:00,240,26,26
WalkerDelta_5,Ground station 1,16,2023-06-02 16:23:00,2023-06-02 16:31:00,480,26,26
WalkerDelta_8,Ground station 1,16,2023-06-02 16:49:00,2023-06-02 16:54:00,300,26,26
WalkerDelta_10,Ground station 1,12,2023-06-02 17:20:00,2023-06-02 17:28:00,480,26,27
WalkerDelta_9,Ground station 1,14,2023-06-02 17:45:00,2023-06-02 17:54:00,540,27,27
WalkerDelta_10,Ground station 1,13,2023-06-02 18:59:00,2023-06-02 19:11:00,720,27,28
WalkerDelta_9,Ground station 1,15,2023-06-02 19:24:00,2023-06-02 19:36:00,720,28,28
WalkerDelta_10,Ground station 1,14,2023-06-02 20:39:00,2023-06-02 20:49:00,600,29,29
WalkerDelta_9,Ground station 1,16,2023-06-02 21:04:00,2023-06-02 21:13:00,540,29,29
WalkerDelta_2,Ground station 1,16,2023-06-02 23:30:00,2023-06-02 23:34:00,240,30,30
WalkerDelta_1,Ground station 1,17,2023-06-02 23:53:00,2023-06-03 00:01:00,480,31,31
WalkerDelta_4,Ground station 1,17,2023-06-03 00:17:00,2023-06-03 00:26:00,540,31,31
WalkerDelta_3,Ground station 1,15,2023-06-03 00:41:00,2023-06-03 00:52:00,660,31,31
WalkerDelta_2,Ground station 1,17,2023-06-03 01:05:00,2023-06-03 01:17:00,720,31,31
WalkerDelta_1,Ground station 1,18,2023-06-03 01:30:00,2023-06-03 01:42:00,720,32,32
WalkerDelta_4,Ground station 1,18,2023-06-03 01:55:00,2023-06-03 02:06:00,660,32,32
WalkerDelta_3,Ground station 1,16,2023-06-03 02:20:00,2023-06-03 02:31:00,660,32,32
WalkerDelta_2,Ground station 1,18,2023-06-03 02:45:00,2023-06-03 02:56:00,660,32,32
WalkerDelta_1,Ground station 1,19,2023-06-03 03:11:00,2023-06-03 03:21:00,600,33,33
WalkerDelta_4,Ground station 1,19,2023-06-03 03:37:00,2023-06-03 03:45:00,480,33,33
WalkerDelta_3,Ground station 1,17,2023-06-03 04:03:00,2023-06-03 04:10:00,420,33,33
WalkerDelta_6,Ground station 1,17,2023-06-03 04:13:00,2023-06-03 04:15:00,120,33,33
WalkerDelta_2,Ground station 1,19,2023-06-03 04:29:00,2023-06-03 04:35:00,360,33,33
WalkerDelta_5,Ground station 1,17,2023-06-03 04:35:00,2023-06-03 04:42:00,420,33,34
WalkerDelta_1,Ground station 1,20,2023-06-03 04:55:00,2023-06-03 05:00:00,300,34,34
WalkerDelta_8,Ground station 1,17,2023-06-03 04:59:00,2023-06-03 05:08:00,540,34,34
WalkerDelta_4,Ground station 1,20,2023-06-03 05:21:00,2023-06-03 05:25:00,240,34,34
WalkerDelta_7,Ground station 1,15,2023-06-03 05:23:00,2023-06-03 05:33:00,600,34,34
WalkerDelta_3,Ground station 1,18,2023-06-03 05:46:00,2023-06-03 05:50:00,240,34,34
WalkerDelta_6,Ground station 1,18,2023-06-03 05:47:00,2023-06-03 05:59:00,720,34,34
WalkerDelta_2,Ground station 1,20,2023-06-03 06:12:00,2023-06-03 06:16:00,240,34,35
WalkerDelta_5,Ground station 1,18,2023-06-03 06:12:00,2023-06-03 06:24:00,720,34,35
WalkerDelta_1,Ground station 1,21,2023-06-03 06:37:00,2023-06-03 06:42:00,300,35,35
WalkerDelta_8,Ground station 1,18,2023-06-03 06:37:00,2023-06-03 06:48:00,660,35,35
WalkerDelta_4,Ground station 1,21,2023-06-03 07:01:00,2023-06-03 07:08:00,420,35,35
WalkerDelta_7,Ground station 1,16,2023-06-03 07:02:00,2023-06-03 07:13:00,660,35,35
WalkerDelta_3,Ground station 1,19,2023-06-03 07:26:00,2023-06-03 07:34:00,480,35,35
WalkerDelta_6,Ground station 1,19,2023-06-03 07:27:00,2023-06-03 07:38:00,660,35,35
WalkerDelta_2,Ground station 1,21,2023-06-03 07:51:00,2023-06-03 08:00:00,540,36,36
WalkerDelta_5,Ground station 1,19,2023-06-03 07:53:00,2023-06-03 08:03:00,600,36,36
WalkerDelta_1,Ground station 1,22,2023-06-03 08:16:00,2023-06-03 08:25:00,540,36,36
WalkerDelta_8,Ground station 1,19,2023-06-03 08:18:00,2023-06-03 08:27:00,540,36,36
WalkerDelta_4,Ground station 1,22,2023-06-03 08:40:00,2023-06-03 08:51:00,660,36,36
WalkerDelta_7,Ground station 1,17,2023-06-03 08:44:00,2023-06-03 08:52:00,480,36,36
WalkerDelta_3,Ground station 1,20,2023-06-03 09:05:00,2023-06-03 09:16:00,660,36,36
WalkerDelta_6,Ground station 1,20,2023-06-03 09:10:00,2023-06-03 09:17:00,420,36,36
WalkerDelta_9,Ground station 1,17,2023-06-03 09:18:00,2023-06-03 09:24:00,360,36,37
WalkerDelta_2,Ground station 1,22,2023-06-03 09:30:00,2023-06-03 09:41:00,660,37,37
WalkerDelta_5,Ground station 1,20,2023-06-03 09:36:00,2023-06-03 09:42:00,360,37,37
WalkerDelta_1,Ground station 1,23,2023-06-03 09:55:00,2023-06-03 10:06:00,660,37,37
WalkerDelta_8,Ground station 1,20,2023-06-03 10:02:00,2023-06-03 10:07:00,300,37,37
WalkerDelta_4,Ground station 1,23,2023-06-03 10:20:00,2023-06-03 10:31:00,660,37,37
WalkerDelta_7,Ground station 1,18,2023-06-03 10:28:00,2023-06-03 10:32:00,240,37,37
WalkerDelta_10,Ground station 1,15,2023-06-03 10:29:00,2023-06-03 10:41:00,720,37,37
WalkerDelta_3,Ground station 1,21,2023-06-03 10:45:00,2023-06-03 10:56:00,660,37,37
WalkerDelta_6,Ground station 1,21,2023-06-03 10:53:00,2023-06-03 10:57:00,240,37,37
WalkerDelta_9,Ground station 1,18,2023-06-03 10:54:00,2023-06-03 11:06:00,720,37,38
WalkerDelta_2,Ground station 1,23,2023-06-03 11:10:00,2023-06-03 11:20:00,600,38,38
WalkerDelta_5,Ground station 1,21,2023-06-03 11:19:00,2023-06-03 11:23:00,240,38,38
WalkerDelta_1,Ground station 1,24,2023-06-03 11:36:00,2023-06-03 11:43:00,420,38,38
WalkerDelta_8,Ground station 1,21,2023-06-03 11:43:00,2023-06-03 11:49:00,360,38,38
WalkerDelta_4,Ground station 1,24,2023-06-03 12:02:00,2023-06-03 12:06:00,240,38,38
WalkerDelta_7,Ground station 1,19,2023-06-03 12:08:00,2023-06-03 12:15:00,420,38,38
WalkerDelta_10,Ground station 1,16,2023-06-03 12:09:00,2023-06-03 12:20:00,660,38,38
WalkerDelta_6,Ground station 1,22,2023-06-03 12:33:00,2023-06-03 12:41:00,480,38,39
WalkerDelta_9,Ground station 1,19,2023-06-03 12:35:00,2023-06-03 12:45:00,600,39,39
WalkerDelta_5,Ground station 1,22,2023-06-03 12:58:00,2023-06-03 13:07:00,540,39,39
WalkerDelta_8,Ground station 1,22,2023-06-03 13:22:00,2023-06-03 13:33:00,660,39,39
WalkerDelta_7,Ground station 1,20,2023-06-03 13:47:00,2023-06-03 13:58:00,660,39,39
WalkerDelta_10,Ground station 1,17,2023-06-03 13:52:00,2023-06-03 13:59:00,420,39,39
WalkerDelta_6,Ground station 1,23,2023-06-03 14:12:00,2023-06-03 14:23:00,660,40,40
WalkerDelta_9,Ground station 1,20,2023-06-03 14:18:00,2023-06-03 14:24:00,360,40,40
WalkerDelta_5,Ground station 1,23,2023-06-03 14:37:00,2023-06-03 14:48:00,660,40,40
WalkerDelta_8,Ground station 1,23,2023-06-03 15:01:00,2023-06-03 15:13:00,720,40,40
WalkerDelta_7,Ground station 1,21,2023-06-03 15:27:00,2023-06-03 15:38:00,660,40,40
WalkerDelta_10,Ground station 1,18,2023-06-03 15:35:00,2023-06-03 15:39:00,240,40,40
WalkerDelta_6,Ground station 1,24,2023-06-03 15:52:00,2023-06-03 16:02:00,600,41,41
WalkerDelta_9,Ground station 1,21,2023-06-03 16:01:00,2023-06-03 16:05:00,240,41,41
WalkerDelta_5,Ground station 1,24,2023-06-03 16:17:00,2023-06-03 16:26:00,540,41,41
WalkerDelta_8,Ground station 1,24,2023-06-03 16:43:00,2023-06-03 16:49:00,360,41,41
WalkerDelta_10,Ground station 1,19,2023-06-03 17:15:00,2023-06-03 17:23:00,480,41,42
WalkerDelta_9,Ground station 1,22,2023-06-03 17:40:00,2023-06-03 17:49:00,540,42,42
WalkerDelta_10,Ground station 1,20,2023-06-03 18:54:00,2023-06-03 19:05:00,660,42,43
WalkerDelta_9,Ground station 1,23,2023-06-03 19:19:00,2023-06-03 19:30:00,660,43,43
WalkerDelta_10,Ground station 1,21,2023-06-03 20:34:00,2023-06-03 20:44:00,600,44,44
WalkerDelta_9,Ground station 1,24,2023-06-03 20:59:00,2023-06-03 21:08:00,540,44,44
WalkerDelta_2,Ground station 1,24,2023-06-03 23:25:00,2023-06-03 23:29:00,240,45,45
WalkerDelta_1,Ground station 1,25,2023-06-03 23:48:00,2023-06-03 23:55:00,420,46,46
WalkerDelta_4,Ground station 1,25,2023-06-04 00:11:00,2023-06-04 00:21:00,600,46,46
WalkerDelta_3,Ground station 1,22,2023-06-04 00:35:00,2023-06-04 00:46:00,660,46,46
WalkerDelta_2,Ground station 1,25,2023-06-04 01:00:00,2023-06-04 01:11:00,660,46,46
WalkerDelta_1,Ground station 1,26,2023-06-04 01:25:00,2023-06-04 01:36:00,660,47,47
WalkerDelta_4,Ground station 1,26,2023-06-04 01:49:00,2023-06-04 02:01:00,720,47,47
WalkerDelta_3,Ground station 1,23,2023-06-04 02:15:00,2023-06-04 02:26:00,660,47,47
WalkerDelta_2,Ground station 1,26,2023-06-04 02:40:00,2023-06-04 02:51:00,660,47,47
WalkerDelta_1,Ground station 1,27,2023-06-04 03:06:00,2023-06-04 03:15:00,540,48,48
WalkerDelta_4,Ground station 1,27,2023-06-04 03:31:00,2023-06-04 03:40:00,540,48,48
WalkerDelta_3,Ground station 1,24,2023-06-04 03:57:00,2023-06-04 04:05:00,480,48,48
WalkerDelta_6,Ground station 1,25,2023-06-04 04:08:00,2023-06-04 04:09:00,60,48,48
WalkerDelta_2,Ground station 1,27,2023-06-04 04:23:00,2023-06-04 04:29:00,360,48,48
WalkerDelta_5,Ground station 1,25,2023-06-04 04:30:00,2023-06-04 04:37:00,420,48,49
WalkerDelta_1,Ground station 1,28,2023-06-04 04:49:00,2023-06-04 04:54:00,300,49,49
WalkerDelta_8,Ground station 1,25,2023-06-04 04:54:00,2023-06-04 05:03:00,540,49,49
WalkerDelta_4,Ground station 1,28,2023-06-04 05:15:00,2023-06-04 05:19:00,240,49,49
WalkerDelta_7,Ground station 1,22,2023-06-04 05:18:00,2023-06-04 05:28:00,600,49,49
WalkerDelta_3,Ground station 1,25,2023-06-04 05:41:00,2023-06-04 05:45:00,240,49,49
WalkerDelta_6,Ground station 1,26,2023-06-04 05:42:00,2023-06-04 05:53:00,660,49,49
WalkerDelta_2,Ground station 1,28,2023-06-04 06:06:00,2023-06-04 06:10:00,240,49,50
WalkerDelta_5,Ground station 1,26,2023-06-04 06:07:00,2023-06-04 06:18:00,660,50,50
WalkerDelta_1,Ground station 1,29,2023-06-04 06:31:00,2023-06-04 06:36:00,300,50,50
WalkerDelta_8,Ground station 1,26,2023-06-04 06:31:00,2023-06-04 06:43:00,720,50,50
WalkerDelta_4,Ground station 1,29,2023-06-04 06:56:00,2023-06-04 07:02:00,360,50,50
WalkerDelta_7,Ground station 1,23,2023-06-04 06:57:00,2023-06-04 07:08:00,660,50,50
WalkerDelta_3,Ground station 1,26,2023-06-04 07:21:00,2023-06-04 07:28:00,420,50,50
WalkerDelta_6,Ground station 1,27,2023-06-04 07:22:00,2023-06-04 07:33:00,660,50,50
WalkerDelta_2,Ground station 1,29,2023-06-04 07:46:00,2023-06-04 07:54:00,480,51,51
WalkerDelta_5,Ground station 1,27,2023-06-04 07:47:00,2023-06-04 07:57:00,600,51,51
WalkerDelta_1,Ground station 1,30,2023-06-04 08:10:00,2023-06-04 08:20:00,600,51,51
WalkerDelta_8,Ground station 1,27,2023-06-04 08:13:00,2023-06-04 08:22:00,540,51,51
WalkerDelta_4,Ground station 1,30,2023-06-04 08:35:00,2023-06-04 08:45:00,600,51,51
WalkerDelta_7,Ground station 1,24,2023-06-04 08:39:00,2023-06-04 08:47:00,480,51,51
WalkerDelta_3,Ground station 1,27,2023-06-04 09:00:00,2023-06-04 09:11:00,660,51,51
WalkerDelta_6,Ground station 1,28,2023-06-04 09:05:00,2023-06-04 09:12:00,420,51,51
WalkerDelta_9,Ground station 1,25,2023-06-04 09:12:00,2023-06-04 09:19:00,420,51,52
WalkerDelta_2,Ground station 1,30,2023-06-04 09:24:00,2023-06-04 09:36:00,720,52,52
WalkerDelta_5,Ground station 1,28,2023-06-04 09:31:00,2023-06-04 09:36:00,300,52,52
WalkerDelta_1,Ground station 1,31,2023-06-04 09:49:00,2023-06-04 10:01:00,720,52,52
WalkerDelta_8,Ground station 1,28,2023-06-04 09:57:00,2023-06-04 10:01:00,240,52,52
WalkerDelta_4,Ground station 1,31,2023-06-04 10:14:00,2023-06-04 10:26:00,720,52,52
WalkerDelta_7,Ground station 1,25,2023-06-04 10:23:00,2023-06-04 10:26:00,180,52,52
WalkerDelta_10,Ground station 1,22,2023-06-04 10:24:00,2023-06-04 10:35:00,660,52,52
WalkerDelta_3,Ground station 1,28,2023-06-04 10:39:00,2023-06-04 10:50:00,660,52,52
WalkerDelta_6,Ground station 1,29,2023-06-04 10:48:00,2023-06-04 10:52:00,240,52,52
WalkerDelta_9,Ground station 1,26,2023-06-04 10:49:00,2023-06-04 11:00:00,660,52,53
WalkerDelta_2,Ground station 1,31,2023-06-04 11:05:00,2023-06-04 11:14:00,540,53,53
WalkerDelta_5,Ground station 1,29,2023-06-04 11:13:00,2023-06-04 11:18:00,300,53,53
WalkerDelta_1,Ground station 1,32,2023-06-04 11:30:00,2023-06-04 11:38:00,480,53,53
WalkerDelta_8,Ground station 1,29,2023-06-04 11:38:00,2023-06-04 11:44:00,360,53,53
WalkerDelta_4,Ground station 1,32,2023-06-04 11:57:00,2023-06-04 12:01:00,240,53,53
WalkerDelta_7,Ground station 1,26,2023-06-04 12:03:00,2023-06-04 12:10:00,420,53,53
WalkerDelta_10,Ground station 1,23,2023-06-04 12:04:00,2023-06-04 12:15:00,660,53,53
WalkerDelta_6,Ground station 1,30,2023-06-04 12:28:00,2023-06-04 12:36:00,480,53,54
WalkerDelta_9,Ground station 1,27,2023-06-04 12:29:00,2023-06-04 12:39:00,600,53,54
WalkerDelta_5,Ground station 1,30,2023-06-04 12:52:00,2023-06-04 13:02:00,600,54,54
WalkerDelta_8,Ground station 1,30,2023-06-04 13:17:00,2023-06-04 13:27:00,600,54,54
WalkerDelta_7,Ground station 1,27,2023-06-04 13:42:00,2023-06-04 13:53:00,660,54,54
WalkerDelta_10,Ground station 1,24,2023-06-04 13:47:00,2023-06-04 13:54:00,420,54,54
WalkerDelta_6,Ground station 1,31,2023-06-04 14:06:00,2023-06-04 14:18:00,720,55,55
WalkerDelta_9,Ground station 1,28,2023-06-04 14:13:00,2023-06-04 14:18:00,300,55,55
WalkerDelta_5,Ground station 1,31,2023-06-04 14:31:00,2023-06-04 14:43:00,720,55,55
WalkerDelta_8,Ground station 1,31,2023-06-04 14:56:00,2023-06-04 15:08:00,720,55,55
WalkerDelta_7,Ground station 1,28,2023-06-04 15:21:00,2023-06-04 15:32:00,660,55,55
WalkerDelta_10,Ground station 1,25,2023-06-04 15:30:00,2023-06-04 15:34:00,240,55,55
WalkerDelta_6,Ground station 1,32,2023-06-04 15:46:00,2023-06-04 15:57:00,660,56,56
WalkerDelta_9,Ground station 1,29,2023-06-04 15:55:00,2023-06-04 16:00:00,300,56,56
WalkerDelta_5,Ground station 1,32,2023-06-04 16:12:00,2023-06-04 16:20:00,480,56,56
WalkerDelta_8,Ground station 1,32,2023-06-04 16:38:00,2023-06-04 16:44:00,360,56,56
WalkerDelta_10,Ground station 1,26,2023-06-04 17:10:00,2023-06-04 17:18:00,480,56,57
WalkerDelta_9,Ground station 1,30,2023-06-04 17:34:00,2023-06-04 17:44:00,600,57,57
WalkerDelta_10,Ground station 1,27,2023-06-04 18:48:00,2023-06-04 19:00:00,720,57,58
WalkerDelta_9,Ground station 1,31,2023-06-04 19:13:00,2023-06-04 19:25:00,720,58,58
WalkerDelta_10,Ground station 1,28,2023-06-04 20:28:00,2023-06-04 20:39:00,660,59,59
WalkerDelta_9,Ground station 1,32,2023-06-04 20:54:00,2023-06-04 21:03:00,540,59,59
WalkerDelta_2,Ground station 1,32,2023-06-04 23:20:00,2023-06-04 23:23:00,180,60,60
WalkerDelta_1,Ground station 1,33,2023-06-04 23:42:00,2023-06-04 23:50:00,480,61,61
WalkerDelta_4,Ground station 1,33,2023-06-05 00:06:00,2023-06-05 00:16:00,600,61,61
WalkerDelta_3,Ground station 1,29,2023-06-05 00:30:00,2023-06-05 00:41:00,660,61,61
WalkerDelta_2,Ground station 1,33,2023-06-05 00:55:00,2023-06-05 01:06:00,660,61,61
WalkerDelta_1,Ground station 1,34,2023-06-05 01:19:00,2023-06-05 01:31:00,720,62,62
WalkerDelta_4,Ground station 1,34,2023-06-05 01:44:00,2023-06-05 01:56:00,720,62,62
WalkerDelta_3,Ground station 1,30,2023-06-05 02:09:00,2023-06-05 02:21:00,720,62,62
WalkerDelta_2,Ground station 1,34,2023-06-05 02:35:00,2023-06-05 02:45:00,600,62,62
WalkerDelta_1,Ground station 1,35,2023-06-05 03:00:00,2023-06-05 03:10:00,600,63,63
WalkerDelta_4,Ground station 1,35,2023-06-05 03:26:00,2023-06-05 03:35:00,540,63,63
WalkerDelta_3,Ground station 1,31,2023-06-05 03:52:00,2023-06-05 03:59:00,420,63,63
WalkerDelta_2,Ground station 1,35,2023-06-05 04:18:00,2023-06-05 04:24:00,360,63,63
WalkerDelta_5,Ground station 1,33,2023-06-05 04:25:00,2023-06-05 04:32:00,420,63,64
WalkerDelta_1,Ground station 1,36,2023-06-05 04:44:00,2023-06-05 04:49:00,300,64,64
WalkerDelta_8,Ground station 1,33,2023-06-05 04:48:00,2023-06-05 04:57:00,540,64,64
WalkerDelta_4,Ground station 1,36,2023-06-05 05:10:00,2023-06-05 05:14:00,240,64,64
WalkerDelta_7,Ground station 1,29,2023-06-05 05:12:00,2023-06-05 05:23:00,660,64,64
WalkerDelta_3,Ground station 1,32,2023-06-05 05:36:00,2023-06-05 05:39:00,180,64,64
WalkerDelta_6,Ground station 1,33,2023-06-05 05:37:00,2023-06-05 05:48:00,660,64,64
WalkerDelta_2,Ground station 1,36,2023-06-05 06:01:00,2023-06-05 06:05:00,240,64,65
WalkerDelta_5,Ground station 1,34,2023-06-05 06:01:00,2023-06-05 06:13:00,720,64,65
WalkerDelta_1,Ground station 1,37,2023-06-05 06:26:00,2023-06-05 06:31:00,300,65,65
WalkerDelta_8,Ground station 1,34,2023-06-05 06:26:00,2023-06-05 06:38:00,720,65,65
WalkerDelta_4,Ground station 1,37,2023-06-05 06:51:00,2023-06-05 06:57:00,360,65,65
WalkerDelta_7,Ground station 1,30,2023-06-05 06:51:00,2023-06-05 07:03:00,720,65,65
WalkerDelta_3,Ground station 1,33,2023-06-05 07:16:00,2023-06-05 07:23:00,420,65,65
WalkerDelta_6,Ground station 1,34,2023-06-05 07:17:00,2023-06-05 07:27:00,600,65,65
WalkerDelta_2,Ground station 1,37,2023-06-05 07:40:00,2023-06-05 07:49:00,540,66,66
WalkerDelta_5,Ground station 1,35,2023-06-05 07:42:00,2023-06-05 07:52:00,600,66,66
WalkerDelta_1,Ground station 1,38,2023-06-05 08:05:00,2023-06-05 08:15:00,600,66,66
WalkerDelta_8,Ground station 1,35,2023-06-05 08:08:00,2023-06-05 08:17:00,540,66,66
WalkerDelta_4,Ground station 1,38,2023-06-05 08:30:00,2023-06-05 08:40:00,600,66,66
WalkerDelta_7,Ground station 1,31,2023-06-05 08:34:00,2023-06-05 08:42:00,480,66,66
WalkerDelta_3,Ground station 1,34,2023-06-05 08:54:00,2023-06-05 09:06:00,720,66,66
WalkerDelta_6,Ground station 1,35,2023-06-05 08:59:00,2023-06-05 09:06:00,420,66,66
WalkerDelta_9,Ground station 1,33,2023-06-05 09:07:00,2023-06-05 09:13:00,360,66,67
WalkerDelta_2,Ground station 1,38,2023-06-05 09:19:00,2023-06-05 09:31:00,720,67,67
WalkerDelta_5,Ground station 1,36,2023-06-05 09:26:00,2023-06-05 09:31:00,300,67,67
WalkerDelta_1,Ground station 1,39,2023-06-05 09:44:00,2023-06-05 09:56:00,720,67,67
WalkerDelta_8,Ground station 1,36,2023-06-05 09:52:00,2023-06-05 09:56:00,240,67,67
WalkerDelta_4,Ground station 1,39,2023-06-05 10:09:00,2023-06-05 10:20:00,660,67,67
WalkerDelta_7,Ground station 1,32,2023-06-05 10:17:00,2023-06-05 10:21:00,240,67,67
WalkerDelta_10,Ground station 1,29,2023-06-05 10:19:00,2023-06-05 10:30:00,660,67,67
WalkerDelta_3,Ground station 1,35,2023-06-05 10:34:00,2023-06-05 10:45:00,660,67,67
WalkerDelta_6,Ground station 1,36,2023-06-05 10:43:00,2023-06-05 10:47:00,240,67,67
WalkerDelta_9,Ground station 1,34,2023-06-05 10:43:00,2023-06-05 10:55:00,720,67,68
WalkerDelta_2,Ground station 1,39,2023-06-05 10:59:00,2023-06-05 11:09:00,600,68,68
WalkerDelta_5,Ground station 1,37,2023-06-05 11:08:00,2023-06-05 11:13:00,300,68,68
WalkerDelta_1,Ground station 1,40,2023-06-05 11:25:00,2023-06-05 11:33:00,480,68,68
WalkerDelta_8,Ground station 1,37,2023-06-05 11:33:00,2023-06-05 11:39:00,360,68,68
WalkerDelta_4,Ground station 1,40,2023-06-05 11:51:00,2023-06-05 11:56:00,300,68,68
WalkerDelta_7,Ground station 1,33,2023-06-05 11:58:00,2023-06-05 12:05:00,420,68,68
WalkerDelta_10,Ground station 1,30,2023-06-05 11:58:00,2023-06-05 12:09:00,660,68,68
WalkerDelta_6,Ground station 1,37,2023-06-05 12:22:00,2023-06-05 12:31:00,540,68,69
WalkerDelta_9,Ground station 1,35,2023-06-05 12:24:00,2023-06-05 12:34:00,600,68,69
WalkerDelta_5,Ground station 1,38,2023-06-05 12:47:00,2023-06-05 12:56:00,540,69,69
WalkerDelta_8,Ground station 1,38,2023-06-05 13:12:00,2023-06-05 13:22:00,600,69,69
WalkerDelta_7,Ground station 1,34,2023-06-05 13:36:00,2023-06-05 13:47:00,660,69,69
WalkerDelta_10,Ground station 1,31,2023-06-05 13:41:00,2023-06-05 13:48:00,420,69,69
WalkerDelta_6,Ground station 1,38,2023-06-05 14:01:00,2023-06-05 14:13:00,720,70,70
WalkerDelta_9,Ground station 1,36,2023-06-05 14:07:00,2023-06-05 14:13:00,360,70,70
WalkerDelta_5,Ground station 1,39,2023-06-05 14:26:00,2023-06-05 14:38:00,720,70,70
WalkerDelta_8,Ground station 1,39,2023-06-05 14:51:00,2023-06-05 15:03:00,720,70,70
WalkerDelta_7,Ground station 1,35,2023-06-05 15:16:00,2023-06-05 15:27:00,660,70,70
WalkerDelta_10,Ground station 1,32,2023-06-05 15:25:00,2023-06-05 15:28:00,180,70,70
WalkerDelta_6,Ground station 1,39,2023-06-05 15:41:00,2023-06-05 15:51:00,600,71,71
WalkerDelta_9,Ground station 1,37,2023-06-05 15:50:00,2023-06-05 15:54:00,240,71,71
WalkerDelta_5,Ground station 1,40,2023-06-05 16:07:00,2023-06-05 16:15:00,480,71,71
WalkerDelta_8,Ground station 1,40,2023-06-05 16:33:00,2023-06-05 16:38:00,300,71,71
WalkerDelta_10,Ground station 1,33,2023-06-05 17:04:00,2023-06-05 17:12:00,480,71,72
WalkerDelta_9,Ground station 1,38,2023-06-05 17:29:00,2023-06-05 17:38:00,540,72,72
WalkerDelta_10,Ground station 1,34,2023-06-05 18:43:00,2023-06-05 18:55:00,720,72,73
WalkerDelta_9,Ground station 1,39,2023-06-05 19:08:00,2023-06-05 19:20:00,720,73,73
WalkerDelta_10,Ground station 1,35,2023-06-05 20:23:00,2023-06-05 20:34:00,660,74,74
WalkerDelta_9,Ground station 1,40,2023-06-05 20:48:00,2023-06-05 20:58:00,600,74,74
WalkerDelta_2,Ground station 1,40,2023-06-05 23:15:00,2023-06-05 23:18:00,180,75,75
WalkerDelta_1,Ground station 1,41,2023-06-05 23:37:00,2023-06-05 23:45:00,480,76,76
WalkerDelta_4,Ground station 1,41,2023-06-06 00:01:00,2023-06-06 00:10:00,540,76,76
WalkerDelta_3,Ground station 1,36,2023-06-06 00:25:00,2023-06-06 00:36:00,660,76,76
WalkerDelta_2,Ground station 1,41,2023-06-06 00:49:00,2023-06-06 01:01:00,720,76,76
WalkerDelta_1,Ground station 1,42,2023-06-06 01:14:00,2023-06-06 01:26:00,720,77,77
WalkerDelta_4,Ground station 1,42,2023-06-06 01:39:00,2023-06-06 01:51:00,720,77,77
WalkerDelta_3,Ground station 1,37,2023-06-06 02:04:00,2023-06-06 02:15:00,660,77,77
WalkerDelta_2,Ground station 1,42,2023-06-06 02:29:00,2023-06-06 02:40:00,660,77,77
WalkerDelta_1,Ground station 1,43,2023-06-06 02:55:00,2023-06-06 03:05:00,600,78,78
WalkerDelta_4,Ground station 1,43,2023-06-06 03:21:00,2023-06-06 03:30:00,540,78,78
WalkerDelta_3,Ground station 1,38,2023-06-06 03:46:00,2023-06-06 03:54:00,480,78,78
WalkerDelta_2,Ground station 1,43,2023-06-06 04:12:00,2023-06-06 04:19:00,420,78,78
WalkerDelta_5,Ground station 1,41,2023-06-06 04:20:00,2023-06-06 04:26:00,360,78,79
WalkerDelta_1,Ground station 1,44,2023-06-06 04:38:00,2023-06-06 04:44:00,360,79,79
WalkerDelta_8,Ground station 1,41,2023-06-06 04:43:00,2023-06-06 04:52:00,540,79,79
WalkerDelta_4,Ground station 1,44,2023-06-06 05:05:00,2023-06-06 05:09:00,240,79,79
WalkerDelta_7,Ground station 1,36,2023-06-06 05:07:00,2023-06-06 05:18:00,660,79,79
WalkerDelta_3,Ground station 1,39,2023-06-06 05:30:00,2023-06-06 05:34:00,240,79,79
WalkerDelta_6,Ground station 1,40,2023-06-06 05:31:00,2023-06-06 05:43:00,720,79,79
WalkerDelta_2,Ground station 1,44,2023-06-06 05:56:00,2023-06-06 05:59:00,180,79,80
WalkerDelta_5,Ground station 1,42,2023-06-06 05:56:00,2023-06-06 06:08:00,720,79,80
WalkerDelta_1,Ground station 1,45,2023-06-06 06:21:00,2023-06-06 06:25:00,240,80,80
WalkerDelta_8,Ground station 1,42,2023-06-06 06:21:00,2023-06-06 06:33:00,720,80,80
WalkerDelta_4,Ground station 1,45,2023-06-06 06:46:00,2023-06-06 06:51:00,300,80,80
WalkerDelta_7,Ground station 1,37,2023-06-06 06:46:00,2023-06-06 06:57:00,660,80,80
WalkerDelta_3,Ground station 1,40,2023-06-06 07:10:00,2023-06-06 07:18:00,480,80,80
WalkerDelta_6,Ground station 1,41,2023-06-06 07:11:00,2023-06-06 07:22:00,660,80,80
WalkerDelta_2,Ground station 1,45,2023-06-06 07:35:00,2023-06-06 07:43:00,480,81,81
WalkerDelta_5,Ground station 1,43,2023-06-06 07:37:00,2023-06-06 07:47:00,600,81,81
WalkerDelta_1,Ground station 1,46,2023-06-06 08:00:00,2023-06-06 08:09:00,540,81,81
WalkerDelta_8,Ground station 1,43,2023-06-06 08:02:00,2023-06-06 08:12:00,600,81,81
WalkerDelta_4,Ground station 1,46,2023-06-06 08:24:00,2023-06-06 08:35:00,660,81,81
WalkerDelta_7,Ground station 1,38,2023-06-06 08:28:00,2023-06-06 08:36:00,480,81,81
WalkerDelta_3,Ground station 1,41,2023-06-06 08:49:00,2023-06-06 09:00:00,660,81,81
WalkerDelta_6,Ground station 1,42,2023-06-06 08:54:00,2023-06-06 09:01:00,420,81,81
WalkerDelta_9,Ground station 1,41,2023-06-06 09:02:00,2023-06-06 09:08:00,360,81,82
WalkerDelta_2,Ground station 1,46,2023-06-06 09:14:00,2023-06-06 09:25:00,660,82,82
WalkerDelta_5,Ground station 1,44,2023-06-06 09:20:00,2023-06-06 09:26:00,360,82,82
WalkerDelta_1,Ground station 1,47,2023-06-06 09:39:00,2023-06-06 09:50:00,660,82,82
WalkerDelta_8,Ground station 1,44,2023-06-06 09:46:00,2023-06-06 09:51:00,300,82,82
WalkerDelta_4,Ground station 1,47,2023-06-06 10:04:00,2023-06-06 10:15:00,660,82,82
WalkerDelta_7,Ground station 1,39,2023-06-06 10:12:00,2023-06-06 10:16:00,240,82,82
WalkerDelta_10,Ground station 1,36,2023-06-06 10:13:00,2023-06-06 10:25:00,720,82,82
WalkerDelta_3,Ground station 1,42,2023-06-06 10:29:00,2023-06-06 10:40:00,660,82,82
WalkerDelta_6,Ground station 1,43,2023-06-06 10:37:00,2023-06-06 10:41:00,240,82,82
WalkerDelta_9,Ground station 1,42,2023-06-06 10:38:00,2023-06-06 10:50:00,720,82,83
WalkerDelta_2,Ground station 1,47,2023-06-06 10:54:00,2023-06-06 11:04:00,600,83,83
WalkerDelta_5,Ground station 1,45,2023-06-06 11:03:00,2023-06-06 11:07:00,240,83,83
WalkerDelta_1,Ground station 1,48,2023-06-06 11:19:00,2023-06-06 11:28:00,540,83,83
WalkerDelta_8,Ground station 1,45,2023-06-06 11:27:00,2023-06-06 11:33:00,360,83,83
WalkerDelta_4,Ground station 1,48,2023-06-06 11:46:00,2023-06-06 11:51:00,300,83,83
WalkerDelta_7,Ground station 1,40,2023-06-06 11:52:00,2023-06-06 11:59:00,420,83,83
WalkerDelta_10,Ground station 1,37,2023-06-06 11:53:00,2023-06-06 12:04:00,660,83,83
WalkerDelta_6,Ground station 1,44,2023-06-06 12:17:00,2023-06-06 12:25:00,480,83,84
WalkerDelta_9,Ground station 1,43,2023-06-06 12:18:00,2023-06-06 12:29:00,660,83,84
WalkerDelta_5,Ground station 1,46,2023-06-06 12:42:00,2023-06-06 12:51:00,540,84,84
WalkerDelta_8,Ground station 1,46,2023-06-06 13:06:00,2023-06-06 13:17:00,660,84,84
WalkerDelta_7,Ground station 1,41,2023-06-06 13:31:00,2023-06-06 13:42:00,660,84,84
WalkerDelta_10,Ground station 1,38,2023-06-06 13:36:00,2023-06-06 13:43:00,420,84,84
WalkerDelta_6,Ground station 1,45,2023-06-06 13:56:00,2023-06-06 14:07:00,660,85,85
WalkerDelta_9,Ground station 1,44,2023-06-06 14:02:00,2023-06-06 14:08:00,360,85,85
WalkerDelta_5,Ground station 1,47,2023-06-06 14:21:00,2023-06-06 14:32:00,660,85,85
WalkerDelta_8,Ground station 1,47,2023-06-06 14:46:00,2023-06-06 14:57:00,660,85,85
WalkerDelta_7,Ground station 1,42,2023-06-06 15:11:00,2023-06-06 15:22:00,660,85,85
WalkerDelta_10,Ground station 1,39,2023-06-06 15:19:00,2023-06-06 15:23:00,240,85,85
WalkerDelta_6,Ground station 1,46,2023-06-06 15:36:00,2023-06-06 15:46:00,600,86,86
WalkerDelta_9,Ground station 1,45,2023-06-06 15:45:00,2023-06-06 15:49:00,240,86,86
WalkerDelta_5,Ground station 1,48,2023-06-06 16:01:00,2023-06-06 16:10:00,540,86,86
WalkerDelta_8,Ground station 1,48,2023-06-06 16:27:00,2023-06-06 16:33:00,360,86,86
WalkerDelta_10,Ground station 1,40,2023-06-06 16:59:00,2023-06-06 17:07:00,480,86,87
WalkerDelta_9,Ground station 1,46,2023-06-06 17:24:00,2023-06-06 17:33:00,540,87,87
WalkerDelta_10,Ground station 1,41,2023-06-06 18:38:00,2023-06-06 18:49:00,660,87,88
WalkerDelta_9,Ground station 1,47,2023-06-06 19:03:00,2023-06-06 19:14:00,660,88,88
WalkerDelta_10,Ground station 1,42,2023-06-06 20:18:00,2023-06-06 20:28:00,600,89,89
WalkerDelta_9,Ground station 1,48,2023-06-06 20:43:00,2023-06-06 20:52:00,540,89,89
WalkerDelta_2,Ground station 1,48,2023-06-06 23:10:00,2023-06-06 23:12:00,120,90,90
WalkerDelta_1,Ground station 1,49,2023-06-06 23:32:00,2023-06-06 23:39:00,420,91,91
WalkerDelta_4,Ground station 1,49,2023-06-06 23:56:00,2023-06-07 00:05:00,540,91,91
WalkerDelta_3,Ground station 1,43,2023-06-07 00:20:00,2023-06-07 00:30:00,600,91,91
WalkerDelta_2,Ground station 1,49,2023-06-07 00:44:00,2023-06-07 00:55:00,660,91,91
WalkerDelta_1,Ground station 1,50,2023-06-07 01:09:00,2023-06-07 01:20:00,660,92,92
WalkerDelta_4,Ground station 1,50,2023-06-07 01:34:00,2023-06-07 01:45:00,660,92,92
WalkerDelta_3,Ground station 1,44,2023-06-07 01:59:00,2023-06-07 02:10:00,660,92,92
WalkerDelta_2,Ground station 1,50,2023-06-07 02:24:00,2023-06-07 02:35:00,660,92,92
WalkerDelta_1,Ground station 1,51,2023-06-07 02:49:00,2023-06-07 03:00:00,660,93,93
WalkerDelta_4,Ground station 1,51,2023-06-07 03:15:00,2023-06-07 03:24:00,540,93,93
WalkerDelta_3,Ground station 1,45,2023-06-07 03:41:00,2023-06-07 03:49:00,480,93,93
WalkerDelta_2,Ground station 1,51,2023-06-07 04:07:00,2023-06-07 04:14:00,420,93,93
WalkerDelta_5,Ground station 1,49,2023-06-07 04:14:00,2023-06-07 04:21:00,420,93,94
WalkerDelta_1,Ground station 1,52,2023-06-07 04:33:00,2023-06-07 04:38:00,300,94,94
WalkerDelta_8,Ground station 1,49,2023-06-07 04:38:00,2023-06-07 04:47:00,540,94,94
WalkerDelta_4,Ground station 1,52,2023-06-07 04:59:00,2023-06-07 05:03:00,240,94,94
WalkerDelta_7,Ground station 1,43,2023-06-07 05:02:00,2023-06-07 05:12:00,600,94,94
WalkerDelta_3,Ground station 1,46,2023-06-07 05:25:00,2023-06-07 05:28:00,180,94,94
WalkerDelta_6,Ground station 1,47,2023-06-07 05:26:00,2023-06-07 05:37:00,660,94,94
WalkerDelta_2,Ground station 1,52,2023-06-07 05:50:00,2023-06-07 05:54:00,240,94,95
WalkerDelta_5,Ground station 1,50,2023-06-07 05:51:00,2023-06-07 06:02:00,660,94,95
WalkerDelta_1,Ground station 1,53,2023-06-07 06:15:00,2023-06-07 06:20:00,300,95,95
WalkerDelta_8,Ground station 1,50,2023-06-07 06:16:00,2023-06-07 06:27:00,660,95,95
WalkerDelta_4,Ground station 1,53,2023-06-07 06:40:00,2023-06-07 06:46:00,360,95,95
WalkerDelta_7,Ground station 1,44,2023-06-07 06:41:00,2023-06-07 06:52:00,660,95,95
WalkerDelta_3,Ground station 1,47,2023-06-07 07:05:00,2023-06-07 07:12:00,420,95,95
WalkerDelta_6,Ground station 1,48,2023-06-07 07:06:00,2023-06-07 07:17:00,660,95,95
WalkerDelta_2,Ground station 1,53,2023-06-07 07:30:00,2023-06-07 07:38:00,480,96,96
WalkerDelta_5,Ground station 1,51,2023-06-07 07:31:00,2023-06-07 07:42:00,660,96,96
WalkerDelta_1,Ground station 1,54,2023-06-07 07:54:00,2023-06-07 08:04:00,600,96,96
WalkerDelta_8,Ground station 1,51,2023-06-07 07:57:00,2023-06-07 08:06:00,540,96,96
WalkerDelta_4,Ground station 1,54,2023-06-07 08:19:00,2023-06-07 08:29:00,600,96,96
WalkerDelta_7,Ground station 1,45,2023-06-07 08:23:00,2023-06-07 08:31:00,480,96,96
WalkerDelta_3,Ground station 1,48,2023-06-07 08:44:00,2023-06-07 08:55:00,660,96,96
WalkerDelta_6,Ground station 1,49,2023-06-07 08:49:00,2023-06-07 08:56:00,420,96,96
WalkerDelta_9,Ground station 1,49,2023-06-07 08:57:00,2023-06-07 09:02:00,300,96,96
WalkerDelta_2,Ground station 1,54,2023-06-07 09:09:00,2023-06-07 09:20:00,660,97,97
WalkerDelta_5,Ground station 1,52,2023-06-07 09:15:00,2023-06-07 09:20:00,300,97,97
WalkerDelta_1,Ground station 1,55,2023-06-07 09:33:00,2023-06-07 09:45:00,720,97,97
WalkerDelta_8,Ground station 1,52,2023-06-07 09:41:00,2023-06-07 09:45:00,240,97,97
WalkerDelta_4,Ground station 1,55,2023-06-07 09:58:00,2023-06-07 10:10:00,720,97,97
WalkerDelta_7,Ground station 1,46,2023-06-07 10:07:00,2023-06-07 10:10:00,180,97,97
WalkerDelta_10,Ground station 1,43,2023-06-07 10:08:00,2023-06-07 10:19:00,660,97,97
WalkerDelta_3,Ground station 1,49,2023-06-07 10:23:00,2023-06-07 10:34:00,660,97,97
WalkerDelta_6,Ground station 1,50,2023-06-07 10:32:00,2023-06-07 10:36:00,240,97,97
WalkerDelta_9,Ground station 1,50,2023-06-07 10:33:00,2023-06-07 10:44:00,660,97,98
WalkerDelta_2,Ground station 1,55,2023-06-07 10:49:00,2023-06-07 10:59:00,600,98,98
WalkerDelta_5,Ground station 1,53,2023-06-07 10:57:00,2023-06-07 11:02:00,300,98,98
WalkerDelta_1,Ground station 1,56,2023-06-07 11:14:00,2023-06-07 11:23:00,540,98,98
WalkerDelta_8,Ground station 1,53,2023-06-07 11:22:00,2023-06-07 11:28:00,360,98,98
WalkerDelta_4,Ground station 1,56,2023-06-07 11:40:00,2023-06-07 11:46:00,360,98,98
WalkerDelta_7,Ground station 1,47,2023-06-07 11:47:00,2023-06-07 11:54:00,420,98,98
WalkerDelta_10,Ground station 1,44,2023-06-07 11:48:00,2023-06-07 11:59:00,660,98,98
WalkerDelta_6,Ground station 1,51,2023-06-07 12:12:00,2023-06-07 12:20:00,480,98,99
WalkerDelta_9,Ground station 1,51,2023-06-07 12:13:00,2023-06-07 12:24:00,660,98,99
WalkerDelta_5,Ground station 1,54,2023-06-07 12:36:00,2023-06-07 12:46:00,600,99,99
WalkerDelta_8,Ground station 1,54,2023-06-07 13:01:00,2023-06-07 13:11:00,600,99,99
WalkerDelta_7,Ground station 1,48,2023-06-07 13:26:00,2023-06-07 13:37:00,660,99,99
WalkerDelta_10,Ground station 1,45,2023-06-07 13:31:00,2023-06-07 13:38:00,420,99,99
WalkerDelta_6,Ground station 1,52,2023-06-07 13:51:00,2023-06-07 14:02:00,660,100,100
WalkerDelta_9,Ground station 1,52,2023-06-07 13:57:00,2023-06-07 14:02:00,300,100,100
WalkerDelta_5,Ground station 1,55,2023-06-07 14:15:00,2023-06-07 14:27:00,720,100,100
WalkerDelta_8,Ground station 1,55,2023-06-07 14:40:00,2023-06-07 14:52:00,720,100,100
WalkerDelta_7,Ground station 1,49,2023-06-07 15:05:00,2023-06-07 15:17:00,720,100,100
WalkerDelta_10,Ground station 1,46,2023-06-07 15:14:00,2023-06-07 15:18:00,240,100,100
WalkerDelta_6,Ground station 1,53,2023-06-07 15:30:00,2023-06-07 15:41:00,660,101,101
WalkerDelta_9,Ground station 1,53,2023-06-07 15:39:00,2023-06-07 15:44:00,300,101,101
WalkerDelta_5,Ground station 1,56,2023-06-07 15:56:00,2023-06-07 16:05:00,540,101,101
WalkerDelta_8,Ground station 1,56,2023-06-07 16:22:00,2023-06-07 16:28:00,360,101,101
WalkerDelta_10,Ground station 1,47,2023-06-07 16:54:00,2023-06-07 17:02:00,480,101,102
WalkerDelta_9,Ground station 1,54,2023-06-07 17:18:00,2023-06-07 17:27:00,540,102,102
WalkerDelta_10,Ground station 1,48,2023-06-07 18:33:00,2023-06-07 18:44:00,660,102,103
WalkerDelta_9,Ground station 1,55,2023-06-07 18:57:00,2023-06-07 19:09:00,720,103,103
WalkerDelta_10,Ground station 1,49,2023-06-07 20:12:00,2023-06-07 20:23:00,660,104,104
WalkerDelta_9,Ground station 1,56,2023-06-07 20:38:00,2023-06-07 20:47:00,540,104,104
WalkerDelta_2,Ground station 1,56,2023-06-07 23:05:00,2023-06-07 23:06:00,60,105,105
WalkerDelta_1,Ground station 1,57,2023-06-07 23:27:00,2023-06-07 23:34:00,420,106,106
WalkerDelta_4,Ground station 1,57,2023-06-07 23:50:00,2023-06-08 00:00:00,600,106,106
WalkerDelta_3,Ground station 1,50,2023-06-08 00:14:00,2023-06-08 00:25:00,660,106,106
WalkerDelta_2,Ground station 1,57,2023-06-08 00:39:00,2023-06-08 00:50:00,660,106,106
WalkerDelta_1,Ground station 1,58,2023-06-08 01:03:00,2023-06-08 01:15:00,720,107,107
WalkerDelta_4,Ground station 1,58,2023-06-08 01:28:00,2023-06-08 01:40:00,720,107,107
WalkerDelta_3,Ground station 1,51,2023-06-08 01:53:00,2023-06-08 02:05:00,720,107,107
WalkerDelta_2,Ground station 1,58,2023-06-08 02:19:00,2023-06-08 02:30:00,660,107,107
WalkerDelta_1,Ground station 1,59,2023-06-08 02:44:00,2023-06-08 02:54:00,600,108,108
WalkerDelta_4,Ground station 1,59,2023-06-08 03:10:00,2023-06-08 03:19:00,540,108,108
WalkerDelta_3,Ground station 1,52,2023-06-08 03:36:00,2023-06-08 03:44:00,480,108,108
WalkerDelta_2,Ground station 1,59,2023-06-08 04:02:00,2023-06-08 04:08:00,360,108,108
WalkerDelta_5,Ground station 1,57,2023-06-08 04:09:00,2023-06-08 04:15:00,360,108,109
WalkerDelta_1,Ground station 1,60,2023-06-08 04:28:00,2023-06-08 04:33:00,300,109,109
WalkerDelta_8,Ground station 1,57,2023-06-08 04:33:00,2023-06-08 04:41:00,480,109,109
WalkerDelta_4,Ground station 1,60,2023-06-08 04:54:00,2023-06-08 04:58:00,240,109,109
WalkerDelta_7,Ground station 1,50,2023-06-08 04:57:00,2023-06-08 05:07:00,600,109,109
WalkerDelta_3,Ground station 1,53,2023-06-08 05:20:00,2023-06-08 05:23:00,180,109,109
WalkerDelta_6,Ground station 1,54,2023-06-08 05:21:00,2023-06-08 05:32:00,660,109,109
WalkerDelta_2,Ground station 1,60,2023-06-08 05:45:00,2023-06-08 05:49:00,240,109,110
WalkerDelta_5,Ground station 1,58,2023-06-08 05:45:00,2023-06-08 05:57:00,720,109,110
WalkerDelta_1,Ground station 1,61,2023-06-08 06:10:00,2023-06-08 06:15:00,300,110,110
WalkerDelta_8,Ground station 1,58,2023-06-08 06:10:00,2023-06-08 06:22:00,720,110,110
WalkerDelta_4,Ground station 1,61,2023-06-08 06:35:00,2023-06-08 06:41:00,360,110,110
WalkerDelta_7,Ground station 1,51,2023-06-08 06:35:00,2023-06-08 06:47:00,720,110,110
WalkerDelta_3,Ground station 1,54,2023-06-08 07:00:00,2023-06-08 07:07:00,420,110,110
WalkerDelta_6,Ground station 1,55,2023-06-08 07:01:00,2023-06-08 07:12:00,660,110,110
WalkerDelta_2,Ground station 1,61,2023-06-08 07:24:00,2023-06-08 07:33:00,540,111,111
WalkerDelta_5,Ground station 1,59,2023-06-08 07:26:00,2023-06-08 07:36:00,600,111,111
WalkerDelta_1,Ground station 1,62,2023-06-08 07:49:00,2023-06-08 07:59:00,600,111,111
WalkerDelta_8,Ground station 1,59,2023-06-08 07:52:00,2023-06-08 08:01:00,540,111,111
WalkerDelta_4,Ground station 1,62,2023-06-08 08:14:00,2023-06-08 08:24:00,600,111,111
WalkerDelta_7,Ground station 1,52,2023-06-08 08:17:00,2023-06-08 08:26:00,540,111,111
WalkerDelta_3,Ground station 1,55,2023-06-08 08:38:00,2023-06-08 08:50:00,720,111,111
WalkerDelta_6,Ground station 1,56,2023-06-08 08:43:00,2023-06-08 08:50:00,420,111,111
WalkerDelta_9,Ground station 1,57,2023-06-08 08:52:00,2023-06-08 08:57:00,300,111,111
WalkerDelta_2,Ground station 1,62,2023-06-08 09:03:00,2023-06-08 09:15:00,720,112,112
WalkerDelta_5,Ground station 1,60,2023-06-08 09:09:00,2023-06-08 09:15:00,360,112,112
WalkerDelta_1,Ground station 1,63,2023-06-08 09:28:00,2023-06-08 09:40:00,720,112,112
WalkerDelta_8,Ground station 1,60,2023-06-08 09:35:00,2023-06-08 09:40:00,300,112,112
WalkerDelta_4,Ground station 1,63,2023-06-08 09:53:00,2023-06-08 10:05:00,720,112,112
WalkerDelta_7,Ground station 1,53,2023-06-08 10:01:00,2023-06-08 10:05:00,240,112,112
WalkerDelta_10,Ground station 1,50,2023-06-08 10:03:00,2023-06-08 10:14:00,660,112,112
WalkerDelta_3,Ground station 1,56,2023-06-08 10:18:00,2023-06-08 10:29:00,660,112,112
WalkerDelta_6,Ground station 1,57,2023-06-08 10:27:00,2023-06-08 10:31:00,240,112,112
WalkerDelta_9,Ground station 1,58,2023-06-08 10:27:00,2023-06-08 10:39:00,720,112,113
WalkerDelta_2,Ground station 1,63,2023-06-08 10:43:00,2023-06-08 10:53:00,600,113,113
WalkerDelta_5,Ground station 1,61,2023-06-08 10:52:00,2023-06-08 10:56:00,240,113,113
WalkerDelta_1,Ground station 1,64,2023-06-08 11:09:00,2023-06-08 11:17:00,480,113,113
WalkerDelta_8,Ground station 1,61,2023-06-08 11:17:00,2023-06-08 11:22:00,300,113,113
WalkerDelta_4,Ground station 1,64,2023-06-08 11:35:00,2023-06-08 11:40:00,300,113,113
WalkerDelta_7,Ground station 1,54,2023-06-08 11:42:00,2023-06-08 11:49:00,420,113,113
WalkerDelta_10,Ground station 1,51,2023-06-08 11:42:00,2023-06-08 11:54:00,720,113,113
WalkerDelta_6,Ground station 1,58,2023-06-08 12:06:00,2023-06-08 12:15:00,540,113,114
WalkerDelta_9,Ground station 1,59,2023-06-08 12:08:00,2023-06-08 12:18:00,600,113,114
WalkerDelta_5,Ground station 1,62,2023-06-08 12:31:00,2023-06-08 12:40:00,540,114,114
WalkerDelta_8,Ground station 1,62,2023-06-08 12:56:00,2023-06-08 13:06:00,600,114,114
WalkerDelta_7,Ground station 1,55,2023-06-08 13:20:00,2023-06-08 13:31:00,660,114,114
WalkerDelta_10,Ground station 1,52,2023-06-08 13:25:00,2023-06-08 13:32:00,420,114,114
WalkerDelta_6,Ground station 1,59,2023-06-08 13:45:00,2023-06-08 13:57:00,720,115,115
WalkerDelta_9,Ground station 1,60,2023-06-08 13:51:00,2023-06-08 13:57:00,360,115,115
WalkerDelta_5,Ground station 1,63,2023-06-08 14:10:00,2023-06-08 14:22:00,720,115,115
WalkerDelta_8,Ground station 1,63,2023-06-08 14:35:00,2023-06-08 14:47:00,720,115,115
WalkerDelta_7,Ground station 1,56,2023-06-08 15:00:00,2023-06-08 15:11:00,660,115,115
WalkerDelta_10,Ground station 1,53,2023-06-08 15:09:00,2023-06-08 15:12:00,180,115,115
WalkerDelta_6,Ground station 1,60,2023-06-08 15:25:00,2023-06-08 15:36:00,660,116,116
WalkerDelta_9,Ground station 1,61,2023-06-08 15:34:00,2023-06-08 15:38:00,240,116,116
WalkerDelta_5,Ground station 1,64,2023-06-08 15:51:00,2023-06-08 16:00:00,540,116,116
WalkerDelta_8,Ground station 1,64,2023-06-08 16:16:00,2023-06-08 16:23:00,420,116,116
WalkerDelta_10,Ground station 1,54,2023-06-08 16:48:00,2023-06-08 16:56:00,480,116,117
WalkerDelta_9,Ground station 1,62,2023-06-08 17:13:00,2023-06-08 17:22:00,540,117,117
WalkerDelta_10,Ground station 1,55,2023-06-08 18:27:00,2023-06-08 18:39:00,720,117,118
WalkerDelta_9,Ground station 1,63,2023-06-08 18:52:00,2023-06-08 19:04:00,720,118,118
WalkerDelta_10,Ground station 1,56,2023-06-08 20:07:00,2023-06-08 20:18:00,660,119,119
WalkerDelta_9,Ground station 1,64,2023-06-08 20:32:00,2023-06-08 20:42:00,600,119,119
WalkerDelta_2,Ground station 1,64,2023-06-08 23:00:00,2023-06-08 23:01:00,60,120,120
WalkerDelta_1,Ground station 1,65,2023-06-08 23:22:00,2023-06-08 23:28:00,360,121,121
WalkerDelta_4,Ground station 1,65,2023-06-08 23:45:00,2023-06-08 23:54:00,540,121,121
WalkerDelta_3,Ground station 1,57,2023-06-09 00:09:00,2023-06-09 00:20:00,660,121,121
WalkerDelta_2,Ground station 1,65,2023-06-09 00:33:00,2023-06-09 00:45:00,720,121,121
WalkerDelta_1,Ground station 1,66,2023-06-09 00:58:00,2023-06-09 01:10:00,720,122,122
WalkerDelta_4,Ground station 1,66,2023-06-09 01:23:00,2023-06-09 01:35:00,720,122,122
WalkerDelta_3,Ground station 1,58,2023-06-09 01:48:00,2023-06-09 01:59:00,660,122,122
WalkerDelta_2,Ground station 1,66,2023-06-09 02:13:00,2023-06-09 02:24:00,660,122,122
WalkerDelta_1,Ground station 1,67,2023-06-09 02:39:00,2023-06-09 02:49:00,600,123,123
WalkerDelta_4,Ground station 1,67,2023-06-09 03:04:00,2023-06-09 03:14:00,600,123,123
WalkerDelta_3,Ground station 1,59,2023-06-09 03:30:00,2023-06-09 03:38:00,480,123,123
WalkerDelta_2,Ground station 1,67,2023-06-09 03:56:00,2023-06-09 04:03:00,420,123,123
WalkerDelta_5,Ground station 1,65,2023-06-09 04:04:00,2023-06-09 04:10:00,360,123,124
WalkerDelta_1,Ground station 1,68,2023-06-09 04:22:00,2023-06-09 04:28:00,360,124,124
WalkerDelta_8,Ground station 1,65,2023-06-09 04:27:00,2023-06-09 04:36:00,540,124,124
WalkerDelta_4,Ground station 1,68,2023-06-09 04:48:00,2023-06-09 04:53:00,300,124,124
WalkerDelta_7,Ground station 1,57,2023-06-09 04:51:00,2023-06-09 05:02:00,660,124,124
WalkerDelta_3,Ground station 1,60,2023-06-09 05:14:00,2023-06-09 05:18:00,240,124,124
WalkerDelta_6,Ground station 1,61,2023-06-09 05:16:00,2023-06-09 05:27:00,660,124,124
WalkerDelta_2,Ground station 1,68,2023-06-09 05:40:00,2023-06-09 05:43:00,180,124,125
WalkerDelta_5,Ground station 1,66,2023-06-09 05:40:00,2023-06-09 05:52:00,720,124,125
WalkerDelta_1,Ground station 1,69,2023-06-09 06:05:00,2023-06-09 06:09:00,240,125,125
WalkerDelta_8,Ground station 1,66,2023-06-09 06:05:00,2023-06-09 06:17:00,720,125,125
WalkerDelta_4,Ground station 1,69,2023-06-09 06:30:00,2023-06-09 06:35:00,300,125,125
WalkerDelta_7,Ground station 1,58,2023-06-09 06:30:00,2023-06-09 06:42:00,720,125,125
WalkerDelta_3,Ground station 1,61,2023-06-09 06:54:00,2023-06-09 07:01:00,420,125,125
WalkerDelta_6,Ground station 1,62,2023-06-09 06:55:00,2023-06-09 07:06:00,660,125,125
WalkerDelta_2,Ground station 1,69,2023-06-09 07:19:00,2023-06-09 07:27:00,480,126,126
WalkerDelta_5,Ground station 1,67,2023-06-09 07:21:00,2023-06-09 07:31:00,600,126,126
WalkerDelta_1,Ground station 1,70,2023-06-09 07:44:00,2023-06-09 07:53:00,540,126,126
WalkerDelta_8,Ground station 1,67,2023-06-09 07:46:00,2023-06-09 07:56:00,600,126,126
WalkerDelta_4,Ground station 1,70,2023-06-09 08:08:00,2023-06-09 08:19:00,660,126,126
WalkerDelta_7,Ground station 1,59,2023-06-09 08:12:00,2023-06-09 08:20:00,480,126,126
WalkerDelta_3,Ground station 1,62,2023-06-09 08:33:00,2023-06-09 08:44:00,660,126,126
WalkerDelta_6,Ground station 1,63,2023-06-09 08:38:00,2023-06-09 08:45:00,420,126,126
WalkerDelta_9,Ground station 1,65,2023-06-09 08:47:00,2023-06-09 08:52:00,300,126,127
WalkerDelta_2,Ground station 1,70,2023-06-09 08:58:00,2023-06-09 09:09:00,660,127,127
WalkerDelta_5,Ground station 1,68,2023-06-09 09:04:00,2023-06-09 09:10:00,360,127,127
WalkerDelta_1,Ground station 1,71,2023-06-09 09:23:00,2023-06-09 09:35:00,720,127,127
WalkerDelta_8,Ground station 1,68,2023-06-09 09:30:00,2023-06-09 09:35:00,300,127,127
WalkerDelta_4,Ground station 1,71,2023-06-09 09:48:00,2023-06-09 09:59:00,660,127,127
WalkerDelta_7,Ground station 1,60,2023-06-09 09:56:00,2023-06-09 10:00:00,240,127,127
WalkerDelta_10,Ground station 1,57,2023-06-09 09:58:00,2023-06-09 10:09:00,660,127,127
WalkerDelta_3,Ground station 1,63,2023-06-09 10:13:00,2023-06-09 10:24:00,660,127,127
WalkerDelta_6,Ground station 1,64,2023-06-09 10:22:00,2023-06-09 10:25:00,180,127,127
WalkerDelta_9,Ground station 1,66,2023-06-09 10:22:00,2023-06-09 10:34:00,720,127,128
WalkerDelta_2,Ground station 1,71,2023-06-09 10:38:00,2023-06-09 10:48:00,600,128,128
WalkerDelta_5,Ground station 1,69,2023-06-09 10:47:00,2023-06-09 10:51:00,240,128,128
WalkerDelta_1,Ground station 1,72,2023-06-09 11:03:00,2023-06-09 11:12:00,540,128,128
WalkerDelta_8,Ground station 1,69,2023-06-09 11:12:00,2023-06-09 11:17:00,300,128,128
WalkerDelta_4,Ground station 1,72,2023-06-09 11:29:00,2023-06-09 11:35:00,360,128,128
WalkerDelta_7,Ground station 1,61,2023-06-09 11:36:00,2023-06-09 11:43:00,420,128,128
WalkerDelta_10,Ground station 1,58,2023-06-09 11:37:00,2023-06-09 11:48:00,660,128,128
WalkerDelta_6,Ground station 1,65,2023-06-09 12:01:00,2023-06-09 12:09:00,480,128,129
WalkerDelta_9,Ground station 1,67,2023-06-09 12:02:00,2023-06-09 12:13:00,660,128,129
WalkerDelta_5,Ground station 1,70,2023-06-09 12:26:00,2023-06-09 12:35:00,540,129,129
WalkerDelta_8,Ground station 1,70,2023-06-09 12:50:00,2023-06-09 13:01:00,660,129,129
WalkerDelta_7,Ground station 1,62,2023-06-09 13:15:00,2023-06-09 13:26:00,660,129,129
WalkerDelta_10,Ground station 1,59,2023-06-09 13:20:00,2023-06-09 13:27:00,420,129,129
WalkerDelta_6,Ground station 1,66,2023-06-09 13:40:00,2023-06-09 13:51:00,660,130,130
WalkerDelta_9,Ground station 1,68,2023-06-09 13:46:00,2023-06-09 13:52:00,360,130,130
WalkerDelta_5,Ground station 1,71,2023-06-09 14:05:00,2023-06-09 14:16:00,660,130,130
WalkerDelta_8,Ground station 1,71,2023-06-09 14:30:00,2023-06-09 14:41:00,660,130,130
WalkerDelta_7,Ground station 1,63,2023-06-09 14:55:00,2023-06-09 15:06:00,660,130,130
WalkerDelta_10,Ground station 1,60,2023-06-09 15:03:00,2023-06-09 15:07:00,240,130,130
WalkerDelta_6,Ground station 1,67,2023-06-09 15:20:00,2023-06-09 15:30:00,600,131,131
WalkerDelta_9,Ground station 1,69,2023-06-09 15:29:00,2023-06-09 15:33:00,240,131,131
WalkerDelta_5,Ground station 1,72,2023-06-09 15:45:00,2023-06-09 15:54:00,540,131,131
WalkerDelta_8,Ground station 1,72,2023-06-09 16:11:00,2023-06-09 16:18:00,420,131,131
WalkerDelta_10,Ground station 1,61,2023-06-09 16:43:00,2023-06-09 16:51:00,480,131,132
WalkerDelta_9,Ground station 1,70,2023-06-09 17:08:00,2023-06-09 17:17:00,540,132,132
WalkerDelta_10,Ground station 1,62,2023-06-09 18:22:00,2023-06-09 18:33:00,660,132,133
WalkerDelta_9,Ground station 1,71,2023-06-09 18:47:00,2023-06-09 18:58:00,660,133,133
WalkerDelta_10,Ground station 1,63,2023-06-09 20:02:00,2023-06-09 20:12:00,600,134,134
WalkerDelta_9,Ground station 1,72,2023-06-09 20:27:00,2023-06-09 20:37:00,600,134,134
WalkerDelta_1,Ground station 1,73,2023-06-09 23:16:00,2023-06-09 23:23:00,420,136,136
WalkerDelta_4,Ground station 1,73,2023-06-09 23:40:00,2023-06-09 23:49:00,540,136,136
WalkerDelta_3,Ground station 1,64,2023-06-10 00:04:00,2023-06-10 00:14:00,600,136,136
WalkerDelta_2,Ground station 1,72,2023-06-10 00:28:00,2023-06-10 00:39:00,660,136,136
WalkerDelta_1,Ground station 1,74,2023-06-10 00:53:00,2023-06-10 01:04:00,660,137,137
WalkerDelta_4,Ground station 1,74,2023-06-10 01:18:00,2023-06-10 01:29:00,660,137,137
WalkerDelta_3,Ground station 1,65,2023-06-10 01:43:00,2023-06-10 01:54:00,660,137,137
WalkerDelta_2,Ground station 1,73,2023-06-10 02:08:00,2023-06-10 02:19:00,660,137,137
WalkerDelta_1,Ground station 1,75,2023-06-10 02:33:00,2023-06-10 02:44:00,660,138,138
WalkerDelta_4,Ground station 1,75,2023-06-10 02:59:00,2023-06-10 03:08:00,540,138,138
WalkerDelta_3,Ground station 1,66,2023-06-10 03:25:00,2023-06-10 03:33:00,480,138,138
WalkerDelta_2,Ground station 1,74,2023-06-10 03:51:00,2023-06-10 03:58:00,420,138,138
WalkerDelta_5,Ground station 1,73,2023-06-10 03:59:00,2023-06-10 04:05:00,360,138,139
WalkerDelta_1,Ground station 1,76,2023-06-10 04:17:00,2023-06-10 04:22:00,300,139,139
WalkerDelta_8,Ground station 1,73,2023-06-10 04:22:00,2023-06-10 04:31:00,540,139,139
WalkerDelta_4,Ground station 1,76,2023-06-10 04:43:00,2023-06-10 04:47:00,240,139,139
WalkerDelta_7,Ground station 1,64,2023-06-10 04:46:00,2023-06-10 04:56:00,600,139,139
WalkerDelta_3,Ground station 1,67,2023-06-10 05:09:00,2023-06-10 05:13:00,240,139,139
WalkerDelta_6,Ground station 1,68,2023-06-10 05:10:00,2023-06-10 05:21:00,660,139,139
WalkerDelta_2,Ground station 1,75,2023-06-10 05:34:00,2023-06-10 05:38:00,240,139,140
WalkerDelta_5,Ground station 1,74,2023-06-10 05:35:00,2023-06-10 05:46:00,660,139,140
WalkerDelta_1,Ground station 1,77,2023-06-10 05:59:00,2023-06-10 06:04:00,300,140,140
WalkerDelta_8,Ground station 1,74,2023-06-10 06:00:00,2023-06-10 06:11:00,660,140,140
WalkerDelta_4,Ground station 1,77,2023-06-10 06:24:00,2023-06-10 06:30:00,360,140,140
WalkerDelta_7,Ground station 1,65,2023-06-10 06:25:00,2023-06-10 06:36:00,660,140,140
WalkerDelta_3,Ground station 1,68,2023-06-10 06:49:00,2023-06-10 06:56:00,420,140,140
WalkerDelta_6,Ground station 1,69,2023-06-10 06:50:00,2023-06-10 07:01:00,660,140,140
WalkerDelta_2,Ground station 1,76,2023-06-10 07:14:00,2023-06-10 07:22:00,480,141,141
WalkerDelta_5,Ground station 1,75,2023-06-10 07:15:00,2023-06-10 07:26:00,660,141,141
WalkerDelta_1,Ground station 1,78,2023-06-10 07:38:00,2023-06-10 07:48:00,600,141,141
WalkerDelta_8,Ground station 1,75,2023-06-10 07:41:00,2023-06-10 07:50:00,540,141,141
WalkerDelta_4,Ground station 1,78,2023-06-10 08:03:00,2023-06-10 08:13:00,600,141,141
WalkerDelta_7,Ground station 1,66,2023-06-10 08:07:00,2023-06-10 08:15:00,480,141,141
WalkerDelta_3,Ground station 1,69,2023-06-10 08:28:00,2023-06-10 08:39:00,660,141,141
WalkerDelta_6,Ground station 1,70,2023-06-10 08:33:00,2023-06-10 08:40:00,420,141,141
WalkerDelta_9,Ground station 1,73,2023-06-10 08:41:00,2023-06-10 08:46:00,300,141,141
WalkerDelta_2,Ground station 1,77,2023-06-10 08:53:00,2023-06-10 09:04:00,660,142,142
WalkerDelta_5,Ground station 1,76,2023-06-10 08:59:00,2023-06-10 09:05:00,360,142,142
WalkerDelta_1,Ground station 1,79,2023-06-10 09:17:00,2023-06-10 09:29:00,720,142,142
WalkerDelta_8,Ground station 1,76,2023-06-10 09:25:00,2023-06-10 09:29:00,240,142,142
WalkerDelta_4,Ground station 1,79,2023-06-10 09:42:00,2023-06-10 09:54:00,720,142,142
WalkerDelta_7,Ground station 1,67,2023-06-10 09:51:00,2023-06-10 09:54:00,180,142,142
WalkerDelta_10,Ground station 1,64,2023-06-10 09:52:00,2023-06-10 10:03:00,660,142,142
WalkerDelta_3,Ground station 1,70,2023-06-10 10:07:00,2023-06-10 10:19:00,720,142,142
WalkerDelta_6,Ground station 1,71,2023-06-10 10:16:00,2023-06-10 10:20:00,240,142,142
WalkerDelta_9,Ground station 1,74,2023-06-10 10:17:00,2023-06-10 10:28:00,660,142,143
WalkerDelta_2,Ground station 1,78,2023-06-10 10:33:00,2023-06-10 10:43:00,600,143,143
WalkerDelta_5,Ground station 1,77,2023-06-10 10:41:00,2023-06-10 10:46:00,300,143,143
WalkerDelta_1,Ground station 1,80,2023-06-10 10:58:00,2023-06-10 11:07:00,540,143,143
WalkerDelta_8,Ground station 1,77,2023-06-10 11:06:00,2023-06-10 11:12:00,360,143,143
WalkerDelta_4,Ground station 1,80,2023-06-10 11:24:00,2023-06-10 11:30:00,360,143,143
WalkerDelta_7,Ground station 1,68,2023-06-10 11:31:00,2023-06-10 11:38:00,420,143,143
WalkerDelta_10,Ground station 1,65,2023-06-10 11:32:00,2023-06-10 11:43:00,660,143,143
WalkerDelta_6,Ground station 1,72,2023-06-10 11:56:00,2023-06-10 12:04:00,480,143,144
WalkerDelta_9,Ground station 1,75,2023-06-10 11:57:00,2023-06-10 12:08:00,660,143,144
WalkerDelta_5,Ground station 1,78,2023-06-10 12:20:00,2023-06-10 12:30:00,600,144,144
WalkerDelta_8,Ground station 1,78,2023-06-10 12:45:00,2023-06-10 12:55:00,600,144,144
WalkerDelta_7,Ground station 1,69,2023-06-10 13:10:00,2023-06-10 13:21:00,660,144,144
WalkerDelta_10,Ground station 1,66,2023-06-10 13:14:00,2023-06-10 13:22:00,480,144,144
WalkerDelta_6,Ground station 1,73,2023-06-10 13:35:00,2023-06-10 13:46:00,660,145,145
WalkerDelta_9,Ground station 1,76,2023-06-10 13:40:00,2023-06-10 13:47:00,420,145,145
WalkerDelta_5,Ground station 1,79,2023-06-10 13:59:00,2023-06-10 14:11:00,720,145,145
WalkerDelta_8,Ground station 1,79,2023-06-10 14:24:00,2023-06-10 14:36:00,720,145,145
WalkerDelta_7,Ground station 1,70,2023-06-10 14:49:00,2023-06-10 15:01:00,720,145,145
WalkerDelta_10,Ground station 1,67,2023-06-10 14:58:00,2023-06-10 15:02:00,240,145,145
WalkerDelta_6,Ground station 1,74,2023-06-10 15:14:00,2023-06-10 15:25:00,660,146,146
WalkerDelta_9,Ground station 1,77,2023-06-10 15:23:00,2023-06-10 15:27:00,240,146,146
WalkerDelta_5,Ground station 1,80,2023-06-10 15:40:00,2023-06-10 15:49:00,540,146,146
WalkerDelta_8,Ground station 1,80,2023-06-10 16:06:00,2023-06-10 16:13:00,420,146,146
WalkerDelta_7,Ground station 1,71,2023-06-10 16:33:00,2023-06-10 16:34:00,60,146,146
WalkerDelta_10,Ground station 1,68,2023-06-10 16:38:00,2023-06-10 16:46:00,480,146,147
WalkerDelta_9,Ground station 1,78,2023-06-10 17:03:00,2023-06-10 17:11:00,480,147,147
WalkerDelta_10,Ground station 1,69,2023-06-10 18:17:00,2023-06-10 18:28:00,660,147,148
WalkerDelta_9,Ground station 1,79,2023-06-10 18:41:00,2023-06-10 18:53:00,720,148,148
WalkerDelta_10,Ground station 1,70,2023-06-10 19:56:00,2023-06-10 20:07:00,660,148,149
WalkerDelta_9,Ground station 1,80,2023-06-10 20:22:00,2023-06-10 20:31:00,540,149,149
WalkerDelta_1,Ground station 1,81,2023-06-10 23:11:00,2023-06-10 23:18:00,420,151,151
WalkerDelta_4,Ground station 1,81,2023-06-10 23:35:00,2023-06-10 23:44:00,540,151,151
WalkerDelta_3,Ground station 1,71,2023-06-10 23:59:00,2023-06-11 00:09:00,600,151,151
WalkerDelta_2,Ground station 1,79,2023-06-11 00:23:00,2023-06-11 00:34:00,660,151,151
WalkerDelta_1,Ground station 1,82,2023-06-11 00:47:00,2023-06-11 00:59:00,720,152,152
WalkerDelta_4,Ground station 1,82,2023-06-11 01:12:00,2023-06-11 01:24:00,720,152,152
WalkerDelta_3,Ground station 1,72,2023-06-11 01:37:00,2023-06-11 01:49:00,720,152,152
WalkerDelta_2,Ground station 1,80,2023-06-11 02:03:00,2023-06-11 02:14:00,660,152,152
WalkerDelta_1,Ground station 1,83,2023-06-11 02:28:00,2023-06-11 02:38:00,600,153,153
WalkerDelta_4,Ground station 1,83,2023-06-11 02:54:00,2023-06-11 03:03:00,540,153,153
WalkerDelta_3,Ground station 1,73,2023-06-11 03:20:00,2023-06-11 03:28:00,480,153,153
WalkerDelta_2,Ground station 1,81,2023-06-11 03:46:00,2023-06-11 03:52:00,360,153,153
WalkerDelta_5,Ground station 1,81,2023-06-11 03:54:00,2023-06-11 03:59:00,300,153,154
WalkerDelta_1,Ground station 1,84,2023-06-11 04:12:00,2023-06-11 04:17:00,300,154,154
WalkerDelta_8,Ground station 1,81,2023-06-11 04:17:00,2023-06-11 04:25:00,480,154,154
WalkerDelta_4,Ground station 1,84,2023-06-11 04:38:00,2023-06-11 04:42:00,240,154,154
WalkerDelta_7,Ground station 1,72,2023-06-11 04:41:00,2023-06-11 04:51:00,600,154,154
WalkerDelta_3,Ground station 1,74,2023-06-11 05:04:00,2023-06-11 05:07:00,180,154,154
WalkerDelta_6,Ground station 1,75,2023-06-11 05:05:00,2023-06-11 05:16:00,660,154,154
WalkerDelta_2,Ground station 1,82,2023-06-11 05:29:00,2023-06-11 05:33:00,240,154,155
WalkerDelta_5,Ground station 1,82,2023-06-11 05:30:00,2023-06-11 05:41:00,660,154,155
WalkerDelta_1,Ground station 1,85,2023-06-11 05:54:00,2023-06-11 05:59:00,300,155,155
WalkerDelta_8,Ground station 1,82,2023-06-11 05:54:00,2023-06-11 06:06:00,720,155,155
WalkerDelta_4,Ground station 1,85,2023-06-11 06:19:00,2023-06-11 06:25:00,360,155,155
WalkerDelta_7,Ground station 1,73,2023-06-11 06:19:00,2023-06-11 06:31:00,720,155,155
WalkerDelta_3,Ground station 1,75,2023-06-11 06:44:00,2023-06-11 06:51:00,420,155,155
WalkerDelta_6,Ground station 1,76,2023-06-11 06:45:00,2023-06-11 06:56:00,660,155,155
WalkerDelta_2,Ground station 1,83,2023-06-11 07:08:00,2023-06-11 07:17:00,540,156,156
WalkerDelta_5,Ground station 1,83,2023-06-11 07:10:00,2023-06-11 07:20:00,600,156,156
WalkerDelta_1,Ground station 1,86,2023-06-11 07:33:00,2023-06-11 07:42:00,540,156,156
WalkerDelta_8,Ground station 1,83,2023-06-11 07:36:00,2023-06-11 07:45:00,540,156,156
WalkerDelta_4,Ground station 1,86,2023-06-11 07:58:00,2023-06-11 08:08:00,600,156,156
WalkerDelta_7,Ground station 1,74,2023-06-11 08:01:00,2023-06-11 08:10:00,540,156,156
WalkerDelta_3,Ground station 1,76,2023-06-11 08:23:00,2023-06-11 08:34:00,660,156,156
WalkerDelta_6,Ground station 1,77,2023-06-11 08:27:00,2023-06-11 08:34:00,420,156,156
WalkerDelta_9,Ground station 1,81,2023-06-11 08:36:00,2023-06-11 08:41:00,300,156,156
WalkerDelta_2,Ground station 1,84,2023-06-11 08:47:00,2023-06-11 08:59:00,720,157,157
WalkerDelta_5,Ground station 1,84,2023-06-11 08:53:00,2023-06-11 08:59:00,360,157,157
WalkerDelta_1,Ground station 1,87,2023-06-11 09:12:00,2023-06-11 09:24:00,720,157,157
WalkerDelta_8,Ground station 1,84,2023-06-11 09:19:00,2023-06-11 09:24:00,300,157,157
WalkerDelta_4,Ground station 1,87,2023-06-11 09:37:00,2023-06-11 09:49:00,720,157,157
WalkerDelta_7,Ground station 1,75,2023-06-11 09:45:00,2023-06-11 09:49:00,240,157,157
WalkerDelta_10,Ground station 1,71,2023-06-11 09:47:00,2023-06-11 09:58:00,660,157,157
WalkerDelta_3,Ground station 1,77,2023-06-11 10:02:00,2023-06-11 10:13:00,660,157,157
WalkerDelta_6,Ground station 1,78,2023-06-11 10:11:00,2023-06-11 10:15:00,240,157,157
WalkerDelta_9,Ground station 1,82,2023-06-11 10:12:00,2023-06-11 10:23:00,660,157,158
WalkerDelta_2,Ground station 1,85,2023-06-11 10:27:00,2023-06-11 10:38:00,660,158,158
WalkerDelta_5,Ground station 1,85,2023-06-11 10:36:00,2023-06-11 10:40:00,240,158,158
WalkerDelta_1,Ground station 1,88,2023-06-11 10:53:00,2023-06-11 11:02:00,540,158,158
WalkerDelta_8,Ground station 1,85,2023-06-11 11:01:00,2023-06-11 11:06:00,300,158,158
WalkerDelta_4,Ground station 1,88,2023-06-11 11:19:00,2023-06-11 11:25:00,360,158,158
WalkerDelta_7,Ground station 1,76,2023-06-11 11:26:00,2023-06-11 11:32:00,360,158,158
WalkerDelta_10,Ground station 1,72,2023-06-11 11:26:00,2023-06-11 11:38:00,720,158,158
WalkerDelta_6,Ground station 1,79,2023-06-11 11:50:00,2023-06-11 11:58:00,480,158,159
WalkerDelta_9,Ground station 1,83,2023-06-11 11:52:00,2023-06-11 12:02:00,600,158,159
WalkerDelta_5,Ground station 1,86,2023-06-11 12:15:00,2023-06-11 12:24:00,540,159,159
WalkerDelta_8,Ground station 1,86,2023-06-11 12:40:00,2023-06-11 12:50:00,600,159,159
WalkerDelta_7,Ground station 1,77,2023-06-11 13:05:00,2023-06-11 13:15:00,600,159,159
WalkerDelta_10,Ground station 1,73,2023-06-11 13:09:00,2023-06-11 13:16:00,420,159,159
WalkerDelta_6,Ground station 1,80,2023-06-11 13:29:00,2023-06-11 13:41:00,720,160,160
WalkerDelta_9,Ground station 1,84,2023-06-11 13:35:00,2023-06-11 13:41:00,360,160,160
WalkerDelta_5,Ground station 1,87,2023-06-11 13:54:00,2023-06-11 14:06:00,720,160,160
WalkerDelta_8,Ground station 1,87,2023-06-11 14:19:00,2023-06-11 14:31:00,720,160,160
WalkerDelta_7,Ground station 1,78,2023-06-11 14:44:00,2023-06-11 14:55:00,660,160,160
WalkerDelta_10,Ground station 1,74,2023-06-11 14:53:00,2023-06-11 14:56:00,180,160,160
WalkerDelta_6,Ground station 1,81,2023-06-11 15:09:00,2023-06-11 15:20:00,660,161,161
WalkerDelta_9,Ground station 1,85,2023-06-11 15:18:00,2023-06-11 15:22:00,240,161,161
WalkerDelta_5,Ground station 1,88,2023-06-11 15:35:00,2023-06-11 15:44:00,540,161,161
WalkerDelta_8,Ground station 1,88,2023-06-11 16:00:00,2023-06-11 16:07:00,420,161,161
WalkerDelta_7,Ground station 1,79,2023-06-11 16:28:00,2023-06-11 16:29:00,60,161,161
WalkerDelta_10,Ground station 1,75,2023-06-11 16:33:00,2023-06-11 16:40:00,420,161,162
WalkerDelta_9,Ground station 1,86,2023-06-11 16:57:00,2023-06-11 17:06:00,540,162,162
WalkerDelta_10,Ground station 1,76,2023-06-11 18:11:00,2023-06-11 18:23:00,720,162,163
WalkerDelta_9,Ground station 1,87,2023-06-11 18:36:00,2023-06-11 18:48:00,720,163,163
WalkerDelta_10,Ground station 1,77,2023-06-11 19:51:00,2023-06-11 20:02:00,660,164,164
WalkerDelta_9,Ground station 1,88,2023-06-11 20:16:00,2023-06-11 20:26:00,600,164,164
WalkerDelta_1,Ground station 1,89,2023-06-11 23:06:00,2023-06-11 23:12:00,360,166,166
WalkerDelta_4,Ground station 1,89,2023-06-11 23:29:00,2023-06-11 23:38:00,540,166,166
WalkerDelta_3,Ground station 1,78,2023-06-11 23:53:00,2023-06-12 00:04:00,660,166,166
WalkerDelta_2,Ground station 1,86,2023-06-12 00:18:00,2023-06-12 00:29:00,660,166,166
WalkerDelta_1,Ground station 1,90,2023-06-12 00:42:00,2023-06-12 00:54:00,720,167,167
WalkerDelta_4,Ground station 1,90,2023-06-12 01:07:00,2023-06-12 01:19:00,720,167,167
WalkerDelta_3,Ground station 1,79,2023-06-12 01:32:00,2023-06-12 01:44:00,720,167,167
WalkerDelta_2,Ground station 1,87,2023-06-12 01:57:00,2023-06-12 02:08:00,660,167,167
WalkerDelta_1,Ground station 1,91,2023-06-12 02:23:00,2023-06-12 02:33:00,600,168,168
WalkerDelta_4,Ground station 1,91,2023-06-12 02:48:00,2023-06-12 02:58:00,600,168,168
WalkerDelta_3,Ground station 1,80,2023-06-12 03:14:00,2023-06-12 03:22:00,480,168,168
WalkerDelta_2,Ground station 1,88,2023-06-12 03:40:00,2023-06-12 03:47:00,420,168,168
WalkerDelta_5,Ground station 1,89,2023-06-12 03:49:00,2023-06-12 03:54:00,300,168,169
WalkerDelta_1,Ground station 1,92,2023-06-12 04:06:00,2023-06-12 04:12:00,360,169,169
WalkerDelta_8,Ground station 1,89,2023-06-12 04:12:00,2023-06-12 04:20:00,480,169,169
WalkerDelta_4,Ground station 1,92,2023-06-12 04:32:00,2023-06-12 04:37:00,300,169,169
WalkerDelta_7,Ground station 1,80,2023-06-12 04:35:00,2023-06-12 04:46:00,660,169,169
WalkerDelta_3,Ground station 1,81,2023-06-12 04:58:00,2023-06-12 05:02:00,240,169,169
WalkerDelta_6,Ground station 1,82,2023-06-12 05:00:00,2023-06-12 05:11:00,660,169,169
WalkerDelta_2,Ground station 1,89,2023-06-12 05:24:00,2023-06-12 05:27:00,180,169,170
WalkerDelta_5,Ground station 1,90,2023-06-12 05:24:00,2023-06-12 05:36:00,720,169,170
WalkerDelta_1,Ground station 1,93,2023-06-12 05:49:00,2023-06-12 05:53:00,240,170,170
WalkerDelta_8,Ground station 1,90,2023-06-12 05:49:00,2023-06-12 06:01:00,720,170,170
WalkerDelta_4,Ground station 1,93,2023-06-12 06:14:00,2023-06-12 06:19:00,300,170,170
WalkerDelta_7,Ground station 1,81,2023-06-12 06:14:00,2023-06-12 06:26:00,720,170,170
WalkerDelta_3,Ground station 1,82,2023-06-12 06:39:00,2023-06-12 06:45:00,360,170,170
WalkerDelta_6,Ground station 1,83,2023-06-12 06:39:00,2023-06-12 06:50:00,660,170,170
WalkerDelta_2,Ground station 1,90,2023-06-12 07:03:00,2023-06-12 07:11:00,480,171,171
WalkerDelta_5,Ground station 1,91,2023-06-12 07:05:00,2023-06-12 07:15:00,600,171,171
WalkerDelta_1,Ground station 1,94,2023-06-12 07:28:00,2023-06-12 07:37:00,540,171,171
WalkerDelta_8,Ground station 1,91,2023-06-12 07:30:00,2023-06-12 07:40:00,600,171,171
WalkerDelta_4,Ground station 1,94,2023-06-12 07:53:00,2023-06-12 08:03:00,600,171,171
WalkerDelta_7,Ground station 1,82,2023-06-12 07:56:00,2023-06-12 08:04:00,480,171,171
WalkerDelta_3,Ground station 1,83,2023-06-12 08:17:00,2023-06-12 08:28:00,660,171,171
WalkerDelta_6,Ground station 1,84,2023-06-12 08:22:00,2023-06-12 08:29:00,420,171,171
WalkerDelta_9,Ground station 1,89,2023-06-12 08:31:00,2023-06-12 08:35:00,240,171,171
WalkerDelta_2,Ground station 1,91,2023-06-12 08:42:00,2023-06-12 08:54:00,720,172,172
WalkerDelta_5,Ground station 1,92,2023-06-12 08:48:00,2023-06-12 08:54:00,360,172,172
WalkerDelta_1,Ground station 1,95,2023-06-12 09:07:00,2023-06-12 09:19:00,720,172,172
WalkerDelta_8,Ground station 1,92,2023-06-12 09:14:00,2023-06-12 09:19:00,300,172,172
WalkerDelta_4,Ground station 1,95,2023-06-12 09:32:00,2023-06-12 09:43:00,660,172,172
WalkerDelta_7,Ground station 1,83,2023-06-12 09:40:00,2023-06-12 09:44:00,240,172,172
WalkerDelta_10,Ground station 1,78,2023-06-12 09:42:00,2023-06-12 09:53:00,660,172,172
WalkerDelta_3,Ground station 1,84,2023-06-12 09:57:00,2023-06-12 10:08:00,660,172,172
WalkerDelta_6,Ground station 1,85,2023-06-12 10:06:00,2023-06-12 10:09:00,180,172,172
WalkerDelta_9,Ground station 1,90,2023-06-12 10:06:00,2023-06-12 10:18:00,720,172,173
WalkerDelta_2,Ground station 1,92,2023-06-12 10:22:00,2023-06-12 10:32:00,600,173,173
WalkerDelta_5,Ground station 1,93,2023-06-12 10:31:00,2023-06-12 10:35:00,240,173,173
WalkerDelta_1,Ground station 1,96,2023-06-12 10:47:00,2023-06-12 10:56:00,540,173,173
WalkerDelta_8,Ground station 1,93,2023-06-12 10:56:00,2023-06-12 11:01:00,300,173,173
WalkerDelta_4,Ground station 1,96,2023-06-12 11:13:00,2023-06-12 11:20:00,420,173,173
WalkerDelta_7,Ground station 1,84,2023-06-12 11:20:00,2023-06-12 11:27:00,420,173,173
WalkerDelta_10,Ground station 1,79,2023-06-12 11:21:00,2023-06-12 11:32:00,660,173,173
WalkerDelta_6,Ground station 1,86,2023-06-12 11:45:00,2023-06-12 11:53:00,480,173,174
WalkerDelta_9,Ground station 1,91,2023-06-12 11:46:00,2023-06-12 11:57:00,660,173,174
WalkerDelta_5,Ground station 1,94,2023-06-12 12:10:00,2023-06-12 12:19:00,540,174,174
WalkerDelta_8,Ground station 1,94,2023-06-12 12:35:00,2023-06-12 12:45:00,600,174,174
WalkerDelta_7,Ground station 1,85,2023-06-12 12:59:00,2023-06-12 13:10:00,660,174,174
WalkerDelta_10,Ground station 1,80,2023-06-12 13:04:00,2023-06-12 13:11:00,420,174,174
WalkerDelta_6,Ground station 1,87,2023-06-12 13:24:00,2023-06-12 13:35:00,660,175,175
WalkerDelta_9,Ground station 1,92,2023-06-12 13:30:00,2023-06-12 13:36:00,360,175,175
WalkerDelta_5,Ground station 1,95,2023-06-12 13:49:00,2023-06-12 14:01:00,720,175,175
WalkerDelta_8,Ground station 1,95,2023-06-12 14:14:00,2023-06-12 14:25:00,660,175,175
WalkerDelta_7,Ground station 1,86,2023-06-12 14:39:00,2023-06-12 14:50:00,660,175,175
WalkerDelta_10,Ground station 1,81,2023-06-12 14:47:00,2023-06-12 14:51:00,240,175,175
WalkerDelta_6,Ground station 1,88,2023-06-12 15:04:00,2023-06-12 15:15:00,660,176,176
WalkerDelta_9,Ground station 1,93,2023-06-12 15:13:00,2023-06-12 15:17:00,240,176,176
WalkerDelta_5,Ground station 1,96,2023-06-12 15:29:00,2023-06-12 15:39:00,600,176,176
WalkerDelta_8,Ground station 1,96,2023-06-12 15:55:00,2023-06-12 16:02:00,420,176,176
WalkerDelta_7,Ground station 1,87,2023-06-12 16:22:00,2023-06-12 16:24:00,120,176,176
WalkerDelta_10,Ground station 1,82,2023-06-12 16:27:00,2023-06-12 16:35:00,480,176,177
WalkerDelta_9,Ground station 1,94,2023-06-12 16:52:00,2023-06-12 17:01:00,540,177,177
WalkerDelta_10,Ground station 1,83,2023-06-12 18:06:00,2023-06-12 18:17:00,660,177,178
WalkerDelta_9,Ground station 1,95,2023-06-12 18:31:00,2023-06-12 18:43:00,720,178,178
WalkerDelta_10,Ground station 1,84,2023-06-12 19:46:00,2023-06-12 19:57:00,660,179,179
WalkerDelta_9,Ground station 1,96,2023-06-12 20:11:00,2023-06-12 20:21:00,600,179,179
WalkerDelta_1,Ground station 1,97,2023-06-12 23:01:00,2023-06-12 23:07:00,360,181,181
WalkerDelta_4,Ground station 1,97,2023-06-12 23:24:00,2023-06-12 23:33:00,540,181,181
WalkerDelta_3,Ground station 1,85,2023-06-12 23:48:00,2023-06-12 23:58:00,600,181,181
WalkerDelta_2,Ground station 1,93,2023-06-13 00:12:00,2023-06-13 00:24:00,720,181,181
WalkerDelta_1,Ground station 1,98,2023-06-13 00:37:00,2023-06-13 00:49:00,720,182,182
WalkerDelta_4,Ground station 1,98,2023-06-13 01:02:00,2023-06-13 01:13:00,660,182,182
WalkerDelta_3,Ground station 1,86,2023-06-13 01:27:00,2023-06-13 01:38:00,660,182,182
WalkerDelta_2,Ground station 1,94,2023-06-13 01:52:00,2023-06-13 02:03:00,660,182,182
WalkerDelta_1,Ground station 1,99,2023-06-13 02:17:00,2023-06-13 02:28:00,660,183,183
WalkerDelta_4,Ground station 1,99,2023-06-13 02:43:00,2023-06-13 02:52:00,540,183,183
WalkerDelta_3,Ground station 1,87,2023-06-13 03:09:00,2023-06-13 03:17:00,480,183,183
WalkerDelta_2,Ground station 1,95,2023-06-13 03:35:00,2023-06-13 03:42:00,420,183,183
WalkerDelta_5,Ground station 1,97,2023-06-13 03:43:00,2023-06-13 03:48:00,300,183,184
WalkerDelta_1,Ground station 1,100,2023-06-13 04:01:00,2023-06-13 04:07:00,360,184,184
WalkerDelta_8,Ground station 1,97,2023-06-13 04:06:00,2023-06-13 04:15:00,540,184,184
WalkerDelta_4,Ground station 1,100,2023-06-13 04:27:00,2023-06-13 04:31:00,240,184,184
WalkerDelta_7,Ground station 1,88,2023-06-13 04:30:00,2023-06-13 04:40:00,600,184,184
WalkerDelta_3,Ground station 1,88,2023-06-13 04:53:00,2023-06-13 04:57:00,240,184,184
WalkerDelta_6,Ground station 1,89,2023-06-13 04:54:00,2023-06-13 05:05:00,660,184,184
WalkerDelta_2,Ground station 1,96,2023-06-13 05:18:00,2023-06-13 05:22:00,240,184,185
WalkerDelta_5,Ground station 1,98,2023-06-13 05:19:00,2023-06-13 05:31:00,720,184,185
WalkerDelta_1,Ground station 1,101,2023-06-13 05:44:00,2023-06-13 05:48:00,240,185,185
WalkerDelta_8,Ground station 1,98,2023-06-13 05:44:00,2023-06-13 05:55:00,660,185,185
WalkerDelta_4,Ground station 1,101,2023-06-13 06:08:00,2023-06-13 06:14:00,360,185,185
WalkerDelta_7,Ground station 1,89,2023-06-13 06:09:00,2023-06-13 06:20:00,660,185,185
WalkerDelta_3,Ground station 1,89,2023-06-13 06:33:00,2023-06-13 06:40:00,420,185,185
WalkerDelta_6,Ground station 1,90,2023-06-13 06:34:00,2023-06-13 06:45:00,660,185,185
WalkerDelta_2,Ground station 1,97,2023-06-13 06:58:00,2023-06-13 07:06:00,480,186,186
WalkerDelta_5,Ground station 1,99,2023-06-13 06:59:00,2023-06-13 07:10:00,660,186,186
WalkerDelta_1,Ground station 1,102,2023-06-13 07:23:00,2023-06-13 07:32:00,540,186,186
WalkerDelta_8,Ground station 1,99,2023-06-13 07:25:00,2023-06-13 07:35:00,600,186,186
WalkerDelta_4,Ground station 1,102,2023-06-13 07:47:00,2023-06-13 07:57:00,600,186,186
WalkerDelta_7,Ground station 1,90,2023-06-13 07:51:00,2023-06-13 07:59:00,480,186,186
WalkerDelta_3,Ground station 1,90,2023-06-13 08:12:00,2023-06-13 08:23:00,660,186,186
WalkerDelta_6,Ground station 1,91,2023-06-13 08:17:00,2023-06-13 08:24:00,420,186,186
WalkerDelta_9,Ground station 1,97,2023-06-13 08:26:00,2023-06-13 08:30:00,240,186,186
WalkerDelta_2,Ground station 1,98,2023-06-13 08:37:00,2023-06-13 08:48:00,660,187,187
WalkerDelta_5,Ground station 1,100,2023-06-13 08:43:00,2023-06-13 08:49:00,360,187,187
WalkerDelta_1,Ground station 1,103,2023-06-13 09:02:00,2023-06-13 09:13:00,660,187,187
WalkerDelta_8,Ground station 1,100,2023-06-13 09:09:00,2023-06-13 09:13:00,240,187,187
WalkerDelta_4,Ground station 1,103,2023-06-13 09:26:00,2023-06-13 09:38:00,720,187,187
WalkerDelta_7,Ground station 1,91,2023-06-13 09:35:00,2023-06-13 09:39:00,240,187,187
WalkerDelta_10,Ground station 1,85,2023-06-13 09:37:00,2023-06-13 09:47:00,600,187,187
WalkerDelta_3,Ground station 1,91,2023-06-13 09:51:00,2023-06-13 10:03:00,720,187,187
WalkerDelta_6,Ground station 1,92,2023-06-13 10:00:00,2023-06-13 10:04:00,240,187,187
WalkerDelta_9,Ground station 1,98,2023-06-13 10:01:00,2023-06-13 10:13:00,720,187,188
WalkerDelta_2,Ground station 1,99,2023-06-13 10:17:00,2023-06-13 10:27:00,600,188,188
WalkerDelta_5,Ground station 1,101,2023-06-13 10:25:00,2023-06-13 10:30:00,300,188,188
WalkerDelta_1,Ground station 1,104,2023-06-13 10:42:00,2023-06-13 10:51:00,540,188,188
WalkerDelta_8,Ground station 1,101,2023-06-13 10:50:00,2023-06-13 10:56:00,360,188,188
WalkerDelta_4,Ground station 1,104,2023-06-13 11:08:00,2023-06-13 11:15:00,420,188,188
WalkerDelta_7,Ground station 1,92,2023-06-13 11:15:00,2023-06-13 11:22:00,420,188,188
WalkerDelta_10,Ground station 1,86,2023-06-13 11:16:00,2023-06-13 11:27:00,660,188,188
WalkerDelta_6,Ground station 1,93,2023-06-13 11:40:00,2023-06-13 11:48:00,480,188,189
WalkerDelta_9,Ground station 1,99,2023-06-13 11:41:00,2023-06-13 11:52:00,660,188,189
WalkerDelta_5,Ground station 1,102,2023-06-13 12:05:00,2023-06-13 12:14:00,540,189,189
WalkerDelta_8,Ground station 1,102,2023-06-13 12:29:00,2023-06-13 12:39:00,600,189,189
WalkerDelta_7,Ground station 1,93,2023-06-13 12:54:00,2023-06-13 13:05:00,660,189,189
WalkerDelta_10,Ground station 1,87,2023-06-13 12:58:00,2023-06-13 13:06:00,480,189,189
WalkerDelta_6,Ground station 1,94,2023-06-13 13:19:00,2023-06-13 13:30:00,660,190,190
WalkerDelta_9,Ground station 1,100,2023-06-13 13:24:00,2023-06-13 13:31:00,420,190,190
WalkerDelta_5,Ground station 1,103,2023-06-13 13:44:00,2023-06-13 13:55:00,660,190,190
WalkerDelta_8,Ground station 1,103,2023-06-13 14:08:00,2023-06-13 14:20:00,720,190,190
WalkerDelta_7,Ground station 1,94,2023-06-13 14:33:00,2023-06-13 14:45:00,720,190,190
WalkerDelta_10,Ground station 1,88,2023-06-13 14:42:00,2023-06-13 14:46:00,240,190,190
WalkerDelta_6,Ground station 1,95,2023-06-13 14:58:00,2023-06-13 15:09:00,660,191,191
WalkerDelta_9,Ground station 1,101,2023-06-13 15:07:00,2023-06-13 15:11:00,240,191,191
WalkerDelta_5,Ground station 1,104,2023-06-13 15:24:00,2023-06-13 15:33:00,540,191,191
WalkerDelta_8,Ground station 1,104,2023-06-13 15:50:00,2023-06-13 15:57:00,420,191,191
WalkerDelta_7,Ground station 1,95,2023-06-13 16:17:00,2023-06-13 16:19:00,120,191,191
WalkerDelta_10,Ground station 1,89,2023-06-13 16:22:00,2023-06-13 16:29:00,420,191,191
WalkerDelta_9,Ground station 1,102,2023-06-13 16:47:00,2023-06-13 16:55:00,480,192,192
WalkerDelta_10,Ground station 1,90,2023-06-13 18:01:00,2023-06-13 18:12:00,660,192,193
WalkerDelta_9,Ground station 1,103,2023-06-13 18:26:00,2023-06-13 18:37:00,660,193,193
WalkerDelta_10,Ground station 1,91,2023-06-13 19:40:00,2023-06-13 19:51:00,660,193,194
WalkerDelta_9,Ground station 1,104,2023-06-13 20:06:00,2023-06-13 20:16:00,600,194,194
WalkerDelta_1,Ground station 1,105,2023-06-13 22:56:00,2023-06-13 23:01:00,300,196,196
WalkerDelta_4,Ground station 1,105,2023-06-13 23:19:00,2023-06-13 23:28:00,540,196,196
WalkerDelta_3,Ground station 1,92,2023-06-13 23:43:00,2023-06-13 23:53:00,600,196,196
WalkerDelta_2,Ground station 1,100,2023-06-14 00:07:00,2023-06-14 00:18:00,660,196,196
WalkerDelta_1,Ground station 1,106,2023-06-14 00:32:00,2023-06-14 00:43:00,660,197,197
WalkerDelta_4,Ground station 1,106,2023-06-14 00:56:00,2023-06-14 01:08:00,720,197,197
WalkerDelta_3,Ground station 1,93,2023-06-14 01:21:00,2023-06-14 01:33:00,720,197,197
WalkerDelta_2,Ground station 1,101,2023-06-14 01:47:00,2023-06-14 01:58:00,660,197,197
WalkerDelta_1,Ground station 1,107,2023-06-14 02:12:00,2023-06-14 02:22:00,600,198,198
WalkerDelta_4,Ground station 1,107,2023-06-14 02:38:00,2023-06-14 02:47:00,540,198,198
WalkerDelta_3,Ground station 1,94,2023-06-14 03:04:00,2023-06-14 03:12:00,480,198,198
WalkerDelta_2,Ground station 1,102,2023-06-14 03:29:00,2023-06-14 03:37:00,480,198,198
WalkerDelta_5,Ground station 1,105,2023-06-14 03:38:00,2023-06-14 03:43:00,300,198,199
WalkerDelta_1,Ground station 1,108,2023-06-14 03:56:00,2023-06-14 04:01:00,300,199,199
WalkerDelta_8,Ground station 1,105,2023-06-14 04:01:00,2023-06-14 04:09:00,480,199,199
WalkerDelta_4,Ground station 1,108,2023-06-14 04:22:00,2023-06-14 04:26:00,240,199,199
WalkerDelta_7,Ground station 1,96,2023-06-14 04:25:00,2023-06-14 04:35:00,600,199,199
WalkerDelta_3,Ground station 1,95,2023-06-14 04:47:00,2023-06-14 04:51:00,240,199,199
WalkerDelta_6,Ground station 1,96,2023-06-14 04:49:00,2023-06-14 05:00:00,660,199,199
WalkerDelta_2,Ground station 1,103,2023-06-14 05:13:00,2023-06-14 05:17:00,240,199,200
WalkerDelta_5,Ground station 1,106,2023-06-14 05:14:00,2023-06-14 05:25:00,660,199,200
WalkerDelta_1,Ground station 1,109,2023-06-14 05:38:00,2023-06-14 05:42:00,240,200,200
WalkerDelta_8,Ground station 1,106,2023-06-14 05:38:00,2023-06-14 05:50:00,720,200,200
WalkerDelta_4,Ground station 1,109,2023-06-14 06:03:00,2023-06-14 06:09:00,360,200,200
WalkerDelta_7,Ground station 1,97,2023-06-14 06:03:00,2023-06-14 06:15:00,720,200,200
WalkerDelta_3,Ground station 1,96,2023-06-14 06:28:00,2023-06-14 06:35:00,420,200,200
WalkerDelta_6,Ground station 1,97,2023-06-14 06:29:00,2023-06-14 06:40:00,660,200,200
WalkerDelta_2,Ground station 1,104,2023-06-14 06:53:00,2023-06-14 07:01:00,480,201,201
WalkerDelta_5,Ground station 1,107,2023-06-14 06:54:00,2023-06-14 07:05:00,660,201,201
WalkerDelta_1,Ground station 1,110,2023-06-14 07:17:00,2023-06-14 07:26:00,540,201,201
WalkerDelta_8,Ground station 1,107,2023-06-14 07:20:00,2023-06-14 07:29:00,540,201,201
WalkerDelta_4,Ground station 1,110,2023-06-14 07:42:00,2023-06-14 07:52:00,600,201,201
WalkerDelta_7,Ground station 1,98,2023-06-14 07:45:00,2023-06-14 07:54:00,540,201,201
WalkerDelta_3,Ground station 1,97,2023-06-14 08:07:00,2023-06-14 08:18:00,660,201,201
WalkerDelta_6,Ground station 1,98,2023-06-14 08:11:00,2023-06-14 08:19:00,480,201,201
WalkerDelta_9,Ground station 1,105,2023-06-14 08:21:00,2023-06-14 08:24:00,180,201,201
WalkerDelta_2,Ground station 1,105,2023-06-14 08:31:00,2023-06-14 08:43:00,720,202,202
WalkerDelta_5,Ground station 1,108,2023-06-14 08:37:00,2023-06-14 08:43:00,360,202,202
WalkerDelta_1,Ground station 1,111,2023-06-14 08:56:00,2023-06-14 09:08:00,720,202,202
WalkerDelta_8,Ground station 1,108,2023-06-14 09:03:00,2023-06-14 09:08:00,300,202,202
WalkerDelta_4,Ground station 1,111,2023-06-14 09:21:00,2023-06-14 09:33:00,720,202,202
WalkerDelta_7,Ground station 1,99,2023-06-14 09:29:00,2023-06-14 09:33:00,240,202,202
WalkerDelta_10,Ground station 1,92,2023-06-14 09:31:00,2023-06-14 09:42:00,660,202,202
WalkerDelta_3,Ground station 1,98,2023-06-14 09:46:00,2023-06-14 09:57:00,660,202,202
WalkerDelta_6,Ground station 1,99,2023-06-14 09:55:00,2023-06-14 09:59:00,240,202,202
WalkerDelta_9,Ground station 1,106,2023-06-14 09:56:00,2023-06-14 10:07:00,660,202,203
WalkerDelta_2,Ground station 1,106,2023-06-14 10:11:00,2023-06-14 10:22:00,660,203,203
WalkerDelta_5,Ground station 1,109,2023-06-14 10:20:00,2023-06-14 10:24:00,240,203,203
WalkerDelta_1,Ground station 1,112,2023-06-14 10:37:00,2023-06-14 10:46:00,540,203,203
WalkerDelta_8,Ground station 1,109,2023-06-14 10:45:00,2023-06-14 10:50:00,300,203,203
WalkerDelta_4,Ground station 1,112,2023-06-14 11:03:00,2023-06-14 11:09:00,360,203,203
WalkerDelta_7,Ground station 1,100,2023-06-14 11:10:00,2023-06-14 11:16:00,360,203,203
WalkerDelta_10,Ground station 1,93,2023-06-14 11:10:00,2023-06-14 11:22:00,720,203,203
WalkerDelta_3,Ground station 1,99,2023-06-14 11:30:00,2023-06-14 11:31:00,60,203,203
WalkerDelta_6,Ground station 1,100,2023-06-14 11:35:00,2023-06-14 11:42:00,420,203,204
WalkerDelta_9,Ground station 1,107,2023-06-14 11:36:00,2023-06-14 11:47:00,660,203,204
WalkerDelta_5,Ground station 1,110,2023-06-14 11:59:00,2023-06-14 12:08:00,540,204,204
WalkerDelta_8,Ground station 1,110,2023-06-14 12:24:00,2023-06-14 12:34:00,600,204,204
WalkerDelta_7,Ground station 1,101,2023-06-14 12:49:00,2023-06-14 12:59:00,600,204,204
WalkerDelta_10,Ground station 1,94,2023-06-14 12:53:00,2023-06-14 13:01:00,480,204,204
WalkerDelta_6,Ground station 1,101,2023-06-14 13:13:00,2023-06-14 13:25:00,720,205,205
WalkerDelta_9,Ground station 1,108,2023-06-14 13:19:00,2023-06-14 13:25:00,360,205,205
WalkerDelta_5,Ground station 1,111,2023-06-14 13:38:00,2023-06-14 13:50:00,720,205,205
WalkerDelta_8,Ground station 1,111,2023-06-14 14:03:00,2023-06-14 14:15:00,720,205,205
WalkerDelta_7,Ground station 1,102,2023-06-14 14:28:00,2023-06-14 14:40:00,720,205,205
WalkerDelta_10,Ground station 1,95,2023-06-14 14:37:00,2023-06-14 14:40:00,180,205,205
WalkerDelta_6,Ground station 1,102,2023-06-14 14:53:00,2023-06-14 15:04:00,660,206,206
WalkerDelta_9,Ground station 1,109,2023-06-14 15:02:00,2023-06-14 15:06:00,240,206,206
WalkerDelta_5,Ground station 1,112,2023-06-14 15:19:00,2023-06-14 15:28:00,540,206,206
WalkerDelta_8,Ground station 1,112,2023-06-14 15:44:00,2023-06-14 15:52:00,480,206,206
WalkerDelta_7,Ground station 1,103,2023-06-14 16:11:00,2023-06-14 16:14:00,180,206,206
WalkerDelta_10,Ground station 1,96,2023-06-14 16:17:00,2023-06-14 16:24:00,420,206,207
WalkerDelta_9,Ground station 1,110,2023-06-14 16:41:00,2023-06-14 16:50:00,540,207,207
WalkerDelta_10,Ground station 1,97,2023-06-14 17:55:00,2023-06-14 18:07:00,720,207,208
WalkerDelta_9,Ground station 1,111,2023-06-14 18:20:00,2023-06-14 18:32:00,720,208,208
WalkerDelta_10,Ground station 1,98,2023-06-14 19:35:00,2023-06-14 19:46:00,660,208,209
WalkerDelta_9,Ground station 1,112,2023-06-14 20:00:00,2023-06-14 20:10:00,600,209,209
WalkerDelta_1,Ground station 1,113,2023-06-14 22:51:00,2023-06-14 22:56:00,300,211,211
WalkerDelta_4,Ground station 1,113,2023-06-14 23:14:00,2023-06-14 23:22:00,480,211,211
WalkerDelta_3,Ground station 1,100,2023-06-14 23:38:00,2023-06-14 23:48:00,600,211,211
WalkerDelta_2,Ground station 1,107,2023-06-15 00:02:00,2023-06-15 00:13:00,660,211,211
WalkerDelta_1,Ground station 1,114,2023-06-15 00:26:00,2023-06-15 00:38:00,720,212,212
WalkerDelta_4,Ground station 1,114,2023-06-15 00:51:00,2023-06-15 01:03:00,720,212,212
WalkerDelta_3,Ground station 1,101,2023-06-15 01:16:00,2023-06-15 01:28:00,720,212,212
WalkerDelta_2,Ground station 1,108,2023-06-15 01:41:00,2023-06-15 01:52:00,660,212,212
WalkerDelta_1,Ground station 1,115,2023-06-15 02:07:00,2023-06-15 02:17:00,600,213,213
WalkerDelta_4,Ground station 1,115,2023-06-15 02:32:00,2023-06-15 02:42:00,600,213,213
WalkerDelta_3,Ground station 1,102,2023-06-15 02:58:00,2023-06-15 03:07:00,540,213,213
WalkerDelta_2,Ground station 1,109,2023-06-15 03:24:00,2023-06-15 03:31:00,420,213,213
WalkerDelta_5,Ground station 1,113,2023-06-15 03:33:00,2023-06-15 03:37:00,240,213,214
WalkerDelta_1,Ground station 1,116,2023-06-15 03:50:00,2023-06-15 03:56:00,360,214,214
WalkerDelta_8,Ground station 1,113,2023-06-15 03:56:00,2023-06-15 04:04:00,480,214,214
WalkerDelta_4,Ground station 1,116,2023-06-15 04:16:00,2023-06-15 04:21:00,300,214,214
WalkerDelta_7,Ground station 1,104,2023-06-15 04:20:00,2023-06-15 04:30:00,600,214,214
WalkerDelta_3,Ground station 1,103,2023-06-15 04:42:00,2023-06-15 04:46:00,240,214,214
WalkerDelta_6,Ground station 1,103,2023-06-15 04:44:00,2023-06-15 04:55:00,660,214,214
WalkerDelta_2,Ground station 1,110,2023-06-15 05:08:00,2023-06-15 05:11:00,180,214,215
WalkerDelta_5,Ground station 1,114,2023-06-15 05:08:00,2023-06-15 05:20:00,720,214,215
WalkerDelta_1,Ground station 1,117,2023-06-15 05:33:00,2023-06-15 05:37:00,240,215,215
WalkerDelta_8,Ground station 1,114,2023-06-15 05:33:00,2023-06-15 05:45:00,720,215,215
WalkerDelta_4,Ground station 1,117,2023-06-15 05:58:00,2023-06-15 06:03:00,300,215,215
WalkerDelta_7,Ground station 1,105,2023-06-15 05:58:00,2023-06-15 06:10:00,720,215,215
WalkerDelta_3,Ground station 1,104,2023-06-15 06:23:00,2023-06-15 06:29:00,360,215,215
WalkerDelta_6,Ground station 1,104,2023-06-15 06:23:00,2023-06-15 06:34:00,660,215,215
WalkerDelta_2,Ground station 1,111,2023-06-15 06:47:00,2023-06-15 06:55:00,480,216,216
WalkerDelta_5,Ground station 1,115,2023-06-15 06:49:00,2023-06-15 06:59:00,600,216,216
WalkerDelta_1,Ground station 1,118,2023-06-15 07:12:00,2023-06-15 07:21:00,540,216,216
WalkerDelta_8,Ground station 1,115,2023-06-15 07:14:00,2023-06-15 07:24:00,600,216,216
WalkerDelta_4,Ground station 1,118,2023-06-15 07:37:00,2023-06-15 07:47:00,600,216,216
WalkerDelta_7,Ground station 1,106,2023-06-15 07:40:00,2023-06-15 07:49:00,540,216,216
WalkerDelta_3,Ground station 1,105,2023-06-15 08:01:00,2023-06-15 08:12:00,660,216,216
WalkerDelta_6,Ground station 1,105,2023-06-15 08:06:00,2023-06-15 08:13:00,420,216,216
WalkerDelta_9,Ground station 1,113,2023-06-15 08:16:00,2023-06-15 08:19:00,180,216,216
WalkerDelta_2,Ground station 1,112,2023-06-15 08:26:00,2023-06-15 08:38:00,720,217,217
WalkerDelta_5,Ground station 1,116,2023-06-15 08:32:00,2023-06-15 08:38:00,360,217,217
WalkerDelta_1,Ground station 1,119,2023-06-15 08:51:00,2023-06-15 09:03:00,720,217,217
WalkerDelta_8,Ground station 1,116,2023-06-15 08:58:00,2023-06-15 09:03:00,300,217,217
WalkerDelta_4,Ground station 1,119,2023-06-15 09:16:00,2023-06-15 09:28:00,720,217,217
WalkerDelta_7,Ground station 1,107,2023-06-15 09:24:00,2023-06-15 09:28:00,240,217,217
WalkerDelta_10,Ground station 1,99,2023-06-15 09:26:00,2023-06-15 09:37:00,660,217,217
WalkerDelta_3,Ground station 1,106,2023-06-15 09:41:00,2023-06-15 09:52:00,660,217,217
WalkerDelta_6,Ground station 1,106,2023-06-15 09:50:00,2023-06-15 09:53:00,180,217,217
WalkerDelta_9,Ground station 1,114,2023-06-15 09:50:00,2023-06-15 10:02:00,720,217,218
WalkerDelta_2,Ground station 1,113,2023-06-15 10:06:00,2023-06-15 10:17:00,660,218,218
WalkerDelta_5,Ground station 1,117,2023-06-15 10:15:00,2023-06-15 10:19:00,240,218,218
WalkerDelta_1,Ground station 1,120,2023-06-15 10:31:00,2023-06-15 10:41:00,600,218,218
WalkerDelta_8,Ground station 1,117,2023-06-15 10:40:00,2023-06-15 10:45:00,300,218,218
WalkerDelta_4,Ground station 1,120,2023-06-15 10:57:00,2023-06-15 11:04:00,420,218,218
WalkerDelta_7,Ground station 1,108,2023-06-15 11:05:00,2023-06-15 11:11:00,360,218,218
WalkerDelta_10,Ground station 1,100,2023-06-15 11:05:00,2023-06-15 11:17:00,720,218,218
WalkerDelta_3,Ground station 1,107,2023-06-15 11:24:00,2023-06-15 11:26:00,120,218,218
WalkerDelta_6,Ground station 1,107,2023-06-15 11:29:00,2023-06-15 11:37:00,480,218,219
WalkerDelta_9,Ground station 1,115,2023-06-15 11:30:00,2023-06-15 11:41:00,660,218,219
WalkerDelta_5,Ground station 1,118,2023-06-15 11:54:00,2023-06-15 12:03:00,540,219,219
WalkerDelta_8,Ground station 1,118,2023-06-15 12:19:00,2023-06-15 12:29:00,600,219,219
WalkerDelta_7,Ground station 1,109,2023-06-15 12:43:00,2023-06-15 12:54:00,660,219,219
WalkerDelta_10,Ground station 1,101,2023-06-15 12:48:00,2023-06-15 12:55:00,420,219,219
WalkerDelta_6,Ground station 1,108,2023-06-15 13:08:00,2023-06-15 13:19:00,660,220,220
WalkerDelta_9,Ground station 1,116,2023-06-15 13:14:00,2023-06-15 13:20:00,360,220,220
WalkerDelta_5,Ground station 1,119,2023-06-15 13:33:00,2023-06-15 13:45:00,720,220,220
WalkerDelta_8,Ground station 1,119,2023-06-15 13:58:00,2023-06-15 14:10:00,720,220,220
WalkerDelta_7,Ground station 1,110,2023-06-15 14:23:00,2023-06-15 14:34:00,660,220,220
WalkerDelta_10,Ground station 1,102,2023-06-15 14:31:00,2023-06-15 14:35:00,240,220,220
WalkerDelta_6,Ground station 1,109,2023-06-15 14:48:00,2023-06-15 14:59:00,660,221,221
WalkerDelta_9,Ground station 1,117,2023-06-15 14:57:00,2023-06-15 15:01:00,240,221,221
WalkerDelta_5,Ground station 1,120,2023-06-15 15:13:00,2023-06-15 15:23:00,600,221,221
WalkerDelta_8,Ground station 1,120,2023-06-15 15:39:00,2023-06-15 15:46:00,420,221,221
WalkerDelta_7,Ground station 1,111,2023-06-15 16:06:00,2023-06-15 16:09:00,180,221,221
WalkerDelta_10,Ground station 1,103,2023-06-15 16:11:00,2023-06-15 16:19:00,480,221,222
WalkerDelta_9,Ground station 1,118,2023-06-15 16:36:00,2023-06-15 16:45:00,540,222,222
WalkerDelta_10,Ground station 1,104,2023-06-15 17:50:00,2023-06-15 18:01:00,660,222,223
WalkerDelta_9,Ground station 1,119,2023-06-15 18:15:00,2023-06-15 18:27:00,720,223,223
WalkerDelta_10,Ground station 1,105,2023-06-15 19:30:00,2023-06-15 19:41:00,660,224,224
WalkerDelta_9,Ground station 1,120,2023-06-15 19:55:00,2023-06-15 20:05:00,600,224,224
WalkerDelta_1,Ground station 1,121,2023-06-15 22:45:00,2023-06-15 22:51:00,360,226,226
WalkerDelta_4,Ground station 1,121,2023-06-15 23:08:00,2023-06-15 23:17:00,540,226,226
WalkerDelta_3,Ground station 1,108,2023-06-15 23:32:00,2023-06-15 23:42:00,600,226,226
WalkerDelta_2,Ground station 1,114,2023-06-15 23:56:00,2023-06-16 00:00:00,240,226,226
